Player,Squad,Weekly Wages
Kevin De Bruyne,Manchester City,"£ 400,000 (€ 466,861, $509,290)"
Erling Haaland,Manchester City,"£ 375,000 (€ 437,682, $477,460)"
Casemiro,Manchester Utd,"£ 350,000 (€ 408,503, $445,629)"
Mohamed Salah,Liverpool,"£ 350,000 (€ 408,503, $445,629)"
Raheem Sterling,Chelsea,"£ 325,000 (€ 379,325, $413,798)"
Romelu Lukaku,Chelsea,"£ 325,000 (€ 379,325, $413,798)"
Marcus Rashford,Manchester Utd,"£ 300,000 (€ 350,146, $381,968)"
Bernardo Silva,Manchester City,"£ 300,000 (€ 350,146, $381,968)"
Jack Grealish,Manchester City,"£ 300,000 (€ 350,146, $381,968)"
Kai Havertz,Arsenal,"£ 280,000 (€ 326,803, $356,503)"
Gabriel Jesus,Arsenal,"£ 265,000 (€ 309,295, $337,405)"
Jadon Sancho,Manchester Utd,"£ 250,000 (€ 291,788, $318,306)"
Mason Mount,Manchester Utd,"£ 250,000 (€ 291,788, $318,306)"
João Cancelo,Manchester City,"£ 250,000 (€ 291,788, $318,306)"
John Stones,Manchester City,"£ 250,000 (€ 291,788, $318,306)"
Reece James,Chelsea,"£ 250,000 (€ 291,788, $318,306)"
Declan Rice,Arsenal,"£ 240,000 (€ 280,117, $305,574)"
Martin Ødegaard,Arsenal,"£ 240,000 (€ 280,117, $305,574)"
Bruno Fernandes,Manchester Utd,"£ 240,000 (€ 280,117, $305,574)"
Phil Foden,Manchester City,"£ 225,000 (€ 262,609, $286,476)"
Virgil van Dijk,Liverpool,"£ 220,000 (€ 256,774, $280,110)"
Rodri,Manchester City,"£ 220,000 (€ 256,774, $280,110)"
Thomas Partey,Arsenal,"£ 200,000 (€ 233,431, $254,645)"
Antony,Manchester Utd,"£ 200,000 (€ 233,431, $254,645)"
Joško Gvardiol,Manchester City,"£ 200,000 (€ 233,431, $254,645)"
Ben Chilwell,Chelsea,"£ 200,000 (€ 233,431, $254,645)"
Wesley Fofana,Chelsea,"£ 200,000 (€ 233,431, $254,645)"
Bukayo Saka,Arsenal,"£ 195,000 (€ 227,595, $248,279)"
Matthijs de Ligt,Manchester Utd,"£ 195,000 (€ 227,595, $248,279)"
Christopher Nkunku,Chelsea,"£ 195,000 (€ 227,595, $248,279)"
William Saliba,Arsenal,"£ 190,000 (€ 221,759, $241,913)"
Harry Maguire,Manchester Utd,"£ 190,000 (€ 221,759, $241,913)"
Son Heung-min,Tottenham,"£ 190,000 (€ 221,759, $241,913)"
Gabriel Martinelli,Arsenal,"£ 180,000 (€ 210,087, $229,181)"
Trent Alexander-Arnold,Liverpool,"£ 180,000 (€ 210,087, $229,181)"
Manuel Akanji,Manchester City,"£ 180,000 (€ 210,087, $229,181)"
Rúben Dias,Manchester City,"£ 180,000 (€ 210,087, $229,181)"
Enzo Fernández,Chelsea,"£ 180,000 (€ 210,087, $229,181)"
Kyle Walker,Manchester City,"£ 175,000 (€ 204,252, $222,814)"
Marc Cucurella,Chelsea,"£ 175,000 (€ 204,252, $222,814)"
Player,Squad,Weekly Wages
James Maddison,Tottenham,"£ 170,000 (€ 198,416, $216,448)"
Cristian Romero,Tottenham,"£ 165,000 (€ 192,580, $210,082)"
Timo Werner,Tottenham,"£ 165,000 (€ 192,580, $210,082)"
Bruno Guimarães,Newcastle Utd,"£ 160,000 (€ 186,744, $203,716)"
Nathan Aké,Manchester City,"£ 160,000 (€ 186,744, $203,716)"
Ben White,Arsenal,"£ 150,000 (€ 175,073, $190,984)"
Oleksandr Zinchenko,Arsenal,"£ 150,000 (€ 175,073, $190,984)"
Christian Eriksen,Manchester Utd,"£ 150,000 (€ 175,073, $190,984)"
Luke Shaw,Manchester Utd,"£ 150,000 (€ 175,073, $190,984)"
Lucas Paquetá,West Ham,"£ 150,000 (€ 175,073, $190,984)"
Alexis Mac Allister,Liverpool,"£ 150,000 (€ 175,073, $190,984)"
Alisson,Liverpool,"£ 150,000 (€ 175,073, $190,984)"
Ryan Gravenberch,Liverpool,"£ 150,000 (€ 175,073, $190,984)"
Boubacar Kamara,Aston Villa,"£ 150,000 (€ 175,073, $190,984)"
Youri Tielemans,Aston Villa,"£ 150,000 (€ 175,073, $190,984)"
Joelinton,Newcastle Utd,"£ 150,000 (€ 175,073, $190,984)"
Lloyd Kelly,Newcastle Utd,"£ 150,000 (€ 175,073, $190,984)"
Kalvin Phillips,Manchester City,"£ 150,000 (€ 175,073, $190,984)"
Mateo Kovačić,Manchester City,"£ 150,000 (€ 175,073, $190,984)"
Kepa Arrizabalaga,Chelsea,"£ 150,000 (€ 175,073, $190,984)"
Moisés Caicedo,Chelsea,"£ 150,000 (€ 175,073, $190,984)"
Darwin Núñez,Liverpool,"£ 140,000 (€ 163,401, $178,252)"
Diogo Jota,Liverpool,"£ 140,000 (€ 163,401, $178,252)"
Jamie Vardy,Leicester City,"£ 140,000 (€ 163,401, $178,252)"
Ollie Watkins,Aston Villa,"£ 130,000 (€ 151,730, $165,519)"
Matheus Nunes,Manchester City,"£ 130,000 (€ 151,730, $165,519)"
Cole Palmer,Chelsea,"£ 130,000 (€ 151,730, $165,519)"
Abdoulaye Doucouré,Everton,"£ 130,000 (€ 151,730, $165,519)"
Bernd Leno,Fulham,"£ 130,000 (€ 151,730, $165,519)"
Danny Ings,West Ham,"£ 125,000 (€ 145,894, $159,153)"
Kurt Zouma,West Ham,"£ 125,000 (€ 145,894, $159,153)"
Philippe Coutinho,Aston Villa,"£ 125,000 (€ 145,894, $159,153)"
Jordan Pickford,Everton,"£ 125,000 (€ 145,894, $159,153)"
Aaron Ramsdale,Arsenal,"£ 120,000 (€ 140,058, $152,787)"
Riccardo Calafiori,Arsenal,"£ 120,000 (€ 140,058, $152,787)"
André Onana,Manchester Utd,"£ 120,000 (€ 140,058, $152,787)"
Lisandro Martínez,Manchester Utd,"£ 120,000 (€ 140,058, $152,787)"
Victor Lindelöf,Manchester Utd,"£ 120,000 (€ 140,058, $152,787)"
Alphonse Areola,West Ham,"£ 120,000 (€ 140,058, $152,787)"
Jarrod Bowen,West Ham,"£ 120,000 (€ 140,058, $152,787)"
Player,Squad,Weekly Wages
Cody Gakpo,Liverpool,"£ 120,000 (€ 140,058, $152,787)"
Dominik Szoboszlai,Liverpool,"£ 120,000 (€ 140,058, $152,787)"
Emiliano Martínez,Aston Villa,"£ 120,000 (€ 140,058, $152,787)"
John McGinn,Aston Villa,"£ 120,000 (€ 140,058, $152,787)"
Leon Bailey,Aston Villa,"£ 120,000 (€ 140,058, $152,787)"
Lucas Digne,Aston Villa,"£ 120,000 (€ 140,058, $152,787)"
Alexander Isak,Newcastle Utd,"£ 120,000 (€ 140,058, $152,787)"
Kieran Trippier,Newcastle Utd,"£ 120,000 (€ 140,058, $152,787)"
Sandro Tonali,Newcastle Utd,"£ 120,000 (€ 140,058, $152,787)"
Malang Sarr,Chelsea,"£ 120,000 (€ 140,058, $152,787)"
Tosin Adarabioyo,Chelsea,"£ 120,000 (€ 140,058, $152,787)"
Leny Yoro,Manchester Utd,"£ 115,000 (€ 134,223, $146,421)"
James Ward-Prowse,West Ham,"£ 115,000 (€ 134,223, $146,421)"
Jorginho,Arsenal,"£ 110,000 (€ 128,387, $140,055)"
Kieran Tierney,Arsenal,"£ 110,000 (€ 128,387, $140,055)"
Dejan Kulusevski,Tottenham,"£ 110,000 (€ 128,387, $140,055)"
Joshua Zirkzee,Manchester Utd,"£ 105,000 (€ 122,551, $133,689)"
Daichi Kamada,Crystal Palace,"£ 105,000 (€ 122,551, $133,689)"
Nikola Milenković,Nott'ham Forest,"£ 105,000 (€ 122,551, $133,689)"
Eddie Nketiah,Arsenal,"£ 100,000 (€ 116,715, $127,323)"
Gabriel Magalhães,Arsenal,"£ 100,000 (€ 116,715, $127,323)"
Reiss Nelson,Arsenal,"£ 100,000 (€ 116,715, $127,323)"
Takehiro Tomiyasu,Arsenal,"£ 100,000 (€ 116,715, $127,323)"
Dean Henderson,Crystal Palace,"£ 100,000 (€ 116,715, $127,323)"
Eberechi Eze,Crystal Palace,"£ 100,000 (€ 116,715, $127,323)"
Edson Álvarez,West Ham,"£ 100,000 (€ 116,715, $127,323)"
Andrew Robertson,Liverpool,"£ 100,000 (€ 116,715, $127,323)"
Diego Carlos,Aston Villa,"£ 100,000 (€ 116,715, $127,323)"
Pau Torres,Aston Villa,"£ 100,000 (€ 116,715, $127,323)"
Tyrone Mings,Aston Villa,"£ 100,000 (€ 116,715, $127,323)"
Matt Targett,Newcastle Utd,"£ 100,000 (€ 116,715, $127,323)"
Ederson,Manchester City,"£ 100,000 (€ 116,715, $127,323)"
Carney Chukwuemeka,Chelsea,"£ 100,000 (€ 116,715, $127,323)"
Levi Colwill,Chelsea,"£ 100,000 (€ 116,715, $127,323)"
Marc Guiu,Chelsea,"£ 100,000 (€ 116,715, $127,323)"
Mykhailo Mudryk,Chelsea,"£ 100,000 (€ 116,715, $127,323)"
Dominic Calvert-Lewin,Everton,"£ 100,000 (€ 116,715, $127,323)"
James Tarkowski,Everton,"£ 100,000 (€ 116,715, $127,323)"
Raúl Jiménez,Fulham,"£ 100,000 (€ 116,715, $127,323)"
Emerson Palmieri,West Ham,"£ 95,000 (€ 110,879, $120,956)"
Player,Squad,Weekly Wages
Jurriën Timber,Arsenal,"£ 90,000 (€ 105,044, $114,590)"
Leandro Trossard,Arsenal,"£ 90,000 (€ 105,044, $114,590)"
Aaron Wan-Bissaka,Manchester Utd,"£ 90,000 (€ 105,044, $114,590)"
Richarlison,Tottenham,"£ 90,000 (€ 105,044, $114,590)"
Odsonne Édouard,Crystal Palace,"£ 90,000 (€ 105,044, $114,590)"
Mohammed Kudus,West Ham,"£ 90,000 (€ 105,044, $114,590)"
Niclas Füllkrug,West Ham,"£ 90,000 (€ 105,044, $114,590)"
Tomáš Souček,West Ham,"£ 90,000 (€ 105,044, $114,590)"
Leander Dendoncker,Aston Villa,"£ 90,000 (€ 105,044, $114,590)"
Gonçalo Guedes,Wolves,"£ 90,000 (€ 105,044, $114,590)"
Pablo Sarabia,Wolves,"£ 90,000 (€ 105,044, $114,590)"
Harry Winks,Leicester City,"£ 90,000 (€ 105,044, $114,590)"
Sven Botman,Newcastle Utd,"£ 90,000 (€ 105,044, $114,590)"
Stefan Ortega,Manchester City,"£ 90,000 (€ 105,044, $114,590)"
Benoît Badiashile,Chelsea,"£ 90,000 (€ 105,044, $114,590)"
Jack Harrison,Everton,"£ 90,000 (€ 105,044, $114,590)"
Willian,Fulham,"£ 90,000 (€ 105,044, $114,590)"
Diogo Dalot,Manchester Utd,"£ 85,000 (€ 99,208, $108,224)"
Rasmus Højlund,Manchester Utd,"£ 85,000 (€ 99,208, $108,224)"
Pedro Porro,Tottenham,"£ 85,000 (€ 99,208, $108,224)"
Radu Drăgușin,Tottenham,"£ 85,000 (€ 99,208, $108,224)"
Michail Antonio,West Ham,"£ 85,000 (€ 99,208, $108,224)"
Joe Gomez,Liverpool,"£ 85,000 (€ 99,208, $108,224)"
David Raya,Brentford,"£ 85,000 (€ 99,208, $108,224)"
Ben Davies,Tottenham,"£ 80,000 (€ 93,372, $101,858)"
Joachim Andersen,Crystal Palace,"£ 80,000 (€ 93,372, $101,858)"
Justin Kluivert,Bournemouth,"£ 80,000 (€ 93,372, $101,858)"
Matty Cash,Aston Villa,"£ 80,000 (€ 93,372, $101,858)"
Fábio Silva,Wolves,"£ 80,000 (€ 93,372, $101,858)"
Nélson Semedo,Wolves,"£ 80,000 (€ 93,372, $101,858)"
Boubakary Soumaré,Leicester City,"£ 80,000 (€ 93,372, $101,858)"
Ricardo Pereira,Leicester City,"£ 80,000 (€ 93,372, $101,858)"
Harvey Barnes,Newcastle Utd,"£ 80,000 (€ 93,372, $101,858)"
Joe Willock,Newcastle Utd,"£ 80,000 (€ 93,372, $101,858)"
Axel Disasi,Chelsea,"£ 80,000 (€ 93,372, $101,858)"
Kaoru Mitoma,Brighton,"£ 80,000 (€ 93,372, $101,858)"
Lewis Dunk,Brighton,"£ 80,000 (€ 93,372, $101,858)"
Idrissa Gana Gueye,Everton,"£ 80,000 (€ 93,372, $101,858)"
Michael Keane,Everton,"£ 80,000 (€ 93,372, $101,858)"
Callum Hudson-Odoi,Nott'ham Forest,"£ 80,000 (€ 93,372, $101,858)"
Player,Squad,Weekly Wages
Chris Wood,Nott'ham Forest,"£ 80,000 (€ 93,372, $101,858)"
Morgan Gibbs-White,Nott'ham Forest,"£ 80,000 (€ 93,372, $101,858)"
Alex Iwobi,Fulham,"£ 80,000 (€ 93,372, $101,858)"
Tyrell Malacia,Manchester Utd,"£ 75,000 (€ 87,536, $95,492)"
Archie Gray,Tottenham,"£ 75,000 (€ 87,536, $95,492)"
Destiny Udogie,Tottenham,"£ 75,000 (€ 87,536, $95,492)"
Fraser Forster,Tottenham,"£ 75,000 (€ 87,536, $95,492)"
Guglielmo Vicario,Tottenham,"£ 75,000 (€ 87,536, $95,492)"
Rodrigo Bentancur,Tottenham,"£ 75,000 (€ 87,536, $95,492)"
Kostas Tsimikas,Liverpool,"£ 75,000 (€ 87,536, $95,492)"
Emi Buendía,Aston Villa,"£ 75,000 (€ 87,536, $95,492)"
Ezri Konsa,Aston Villa,"£ 75,000 (€ 87,536, $95,492)"
Conor Coady,Leicester City,"£ 75,000 (€ 87,536, $95,492)"
Patson Daka,Leicester City,"£ 75,000 (€ 87,536, $95,492)"
Wilfred Ndidi,Leicester City,"£ 75,000 (€ 87,536, $95,492)"
Ibrahim Sangaré,Nott'ham Forest,"£ 75,000 (€ 87,536, $95,492)"
Jonjo Shelvey,Nott'ham Forest,"£ 75,000 (€ 87,536, $95,492)"
Joe Aribo,Southampton,"£ 70,000 (€ 81,701, $89,126)"
Brennan Johnson,Tottenham,"£ 70,000 (€ 81,701, $89,126)"
Giovani Lo Celso,Tottenham,"£ 70,000 (€ 81,701, $89,126)"
Pape Matar Sarr,Tottenham,"£ 70,000 (€ 81,701, $89,126)"
Cheick Doucouré,Crystal Palace,"£ 70,000 (€ 81,701, $89,126)"
Jefferson Lerma,Crystal Palace,"£ 70,000 (€ 81,701, $89,126)"
Dominic Solanke,Bournemouth,"£ 70,000 (€ 81,701, $89,126)"
Ibrahima Konaté,Liverpool,"£ 70,000 (€ 81,701, $89,126)"
Jacob Ramsey,Aston Villa,"£ 70,000 (€ 81,701, $89,126)"
Hwang Hee-chan,Wolves,"£ 70,000 (€ 81,701, $89,126)"
Mason Holgate,Everton,"£ 70,000 (€ 81,701, $89,126)"
Issa Diop,Fulham,"£ 70,000 (€ 81,701, $89,126)"
Jonny Evans,Manchester Utd,"£ 65,000 (€ 75,865, $82,760)"
Luis Sinisterra,Bournemouth,"£ 65,000 (€ 75,865, $82,760)"
Łukasz Fabiański,West Ham,"£ 65,000 (€ 75,865, $82,760)"
Maxwel Cornet,West Ham,"£ 65,000 (€ 75,865, $82,760)"
Nathaniel Phillips,Liverpool,"£ 65,000 (€ 75,865, $82,760)"
Nicolas Jackson,Chelsea,"£ 65,000 (€ 75,865, $82,760)"
Pascal Groß,Brighton,"£ 65,000 (€ 75,865, $82,760)"
Adama Traoré,Fulham,"£ 65,000 (€ 75,865, $82,760)"
Timothy Castagne,Fulham,"£ 65,000 (€ 75,865, $82,760)"
Saša Lukić,Fulham,"£ 63,000 (€ 73,531, $80,213)"
Scott McTominay,Manchester Utd,"£ 60,000 (€ 70,029, $76,394)"
Player,Squad,Weekly Wages
Adam Armstrong,Southampton,"£ 60,000 (€ 70,029, $76,394)"
Jan Bednarek,Southampton,"£ 60,000 (€ 70,029, $76,394)"
Manor Solomon,Tottenham,"£ 60,000 (€ 70,029, $76,394)"
Jeffrey Schlupp,Crystal Palace,"£ 60,000 (€ 70,029, $76,394)"
Lewis Cook,Bournemouth,"£ 60,000 (€ 70,029, $76,394)"
Tyler Adams,Bournemouth,"£ 60,000 (€ 70,029, $76,394)"
Matheus Cunha,Wolves,"£ 60,000 (€ 70,029, $76,394)"
Jannik Vestergaard,Leicester City,"£ 60,000 (€ 70,029, $76,394)"
Anthony Gordon,Newcastle Utd,"£ 60,000 (€ 70,029, $76,394)"
Miguel Almirón,Newcastle Utd,"£ 60,000 (€ 70,029, $76,394)"
Nick Pope,Newcastle Utd,"£ 60,000 (€ 70,029, $76,394)"
Robert Sánchez,Chelsea,"£ 60,000 (€ 70,029, $76,394)"
Danny Welbeck,Brighton,"£ 60,000 (€ 70,029, $76,394)"
James Milner,Brighton,"£ 60,000 (€ 70,029, $76,394)"
Jakub Kiwior,Arsenal,"£ 58,000 (€ 67,695, $73,847)"
Vitaliy Mykolenko,Everton,"£ 58,000 (€ 67,695, $73,847)"
Yves Bissouma,Tottenham,"£ 55,000 (€ 64,193, $70,027)"
Chris Richards,Crystal Palace,"£ 55,000 (€ 64,193, $70,027)"
Luis Díaz,Liverpool,"£ 55,000 (€ 64,193, $70,027)"
Boubacar Traoré,Wolves,"£ 55,000 (€ 64,193, $70,027)"
Dan Burn,Newcastle Utd,"£ 55,000 (€ 64,193, $70,027)"
Emil Krafth,Newcastle Utd,"£ 55,000 (€ 64,193, $70,027)"
Ben Mee,Brentford,"£ 55,000 (€ 64,193, $70,027)"
Adam Webster,Brighton,"£ 55,000 (€ 64,193, $70,027)"
Mahmoud Dahoud,Brighton,"£ 55,000 (€ 64,193, $70,027)"
Séamus Coleman,Everton,"£ 55,000 (€ 64,193, $70,027)"
Sergio Reguilón,Tottenham,"£ 53,000 (€ 61,859, $67,481)"
Alejandro Garnacho,Manchester Utd,"£ 50,000 (€ 58,358, $63,661)"
Micky van de Ven,Tottenham,"£ 50,000 (€ 58,358, $63,661)"
Jean-Philippe Mateta,Crystal Palace,"£ 50,000 (€ 58,358, $63,661)"
Marc Guéhi,Crystal Palace,"£ 50,000 (€ 58,358, $63,661)"
Nathaniel Clyne,Crystal Palace,"£ 50,000 (€ 58,358, $63,661)"
Will Hughes,Crystal Palace,"£ 50,000 (€ 58,358, $63,661)"
Antoine Semenyo,Bournemouth,"£ 50,000 (€ 58,358, $63,661)"
David Brooks,Bournemouth,"£ 50,000 (€ 58,358, $63,661)"
Ilya Zabarnyi,Bournemouth,"£ 50,000 (€ 58,358, $63,661)"
Marcos Senesi,Bournemouth,"£ 50,000 (€ 58,358, $63,661)"
Neto,Bournemouth,"£ 50,000 (€ 58,358, $63,661)"
Ryan Christie,Bournemouth,"£ 50,000 (€ 58,358, $63,661)"
Aaron Cresswell,West Ham,"£ 50,000 (€ 58,358, $63,661)"
Player,Squad,Weekly Wages
Konstantinos Mavropanos,West Ham,"£ 50,000 (€ 58,358, $63,661)"
Nayef Aguerd,West Ham,"£ 50,000 (€ 58,358, $63,661)"
Wataru Endo,Liverpool,"£ 50,000 (€ 58,358, $63,661)"
Calum Chambers,Aston Villa,"£ 50,000 (€ 58,358, $63,661)"
Robin Olsen,Aston Villa,"£ 50,000 (€ 58,358, $63,661)"
Matt Doherty,Wolves,"£ 50,000 (€ 58,358, $63,661)"
Pedro Neto,Wolves,"£ 50,000 (€ 58,358, $63,661)"
Hamza Choudhury,Leicester City,"£ 50,000 (€ 58,358, $63,661)"
Wout Faes,Leicester City,"£ 50,000 (€ 58,358, $63,661)"
Sean Longstaff,Newcastle Utd,"£ 50,000 (€ 58,358, $63,661)"
Valentino Livramento,Newcastle Utd,"£ 50,000 (€ 58,358, $63,661)"
Jeremy Doku,Manchester City,"£ 50,000 (€ 58,358, $63,661)"
Oscar Bobb,Manchester City,"£ 50,000 (€ 58,358, $63,661)"
Sergio Gómez,Manchester City,"£ 50,000 (€ 58,358, $63,661)"
Mathias Jensen,Brentford,"£ 50,000 (€ 58,358, $63,661)"
Conor Gallagher,Chelsea,"£ 50,000 (€ 58,358, $63,661)"
Noni Madueke,Chelsea,"£ 50,000 (€ 58,358, $63,661)"
Trevoh Chalobah,Chelsea,"£ 50,000 (€ 58,358, $63,661)"
João Pedro,Brighton,"£ 50,000 (€ 58,358, $63,661)"
Joël Veltman,Brighton,"£ 50,000 (€ 58,358, $63,661)"
Pervis Estupiñán,Brighton,"£ 50,000 (€ 58,358, $63,661)"
Solly March,Brighton,"£ 50,000 (€ 58,358, $63,661)"
Beto,Everton,"£ 50,000 (€ 58,358, $63,661)"
Jesper Lindstrøm,Everton,"£ 50,000 (€ 58,358, $63,661)"
Neal Maupay,Everton,"£ 50,000 (€ 58,358, $63,661)"
Joe Worrall,Nott'ham Forest,"£ 50,000 (€ 58,358, $63,661)"
Neco Williams,Nott'ham Forest,"£ 50,000 (€ 58,358, $63,661)"
Taiwo Awoniyi,Nott'ham Forest,"£ 50,000 (€ 58,358, $63,661)"
Andreas Pereira,Fulham,"£ 50,000 (€ 58,358, $63,661)"
Antonee Robinson,Fulham,"£ 50,000 (€ 58,358, $63,661)"
Harrison Reed,Fulham,"£ 50,000 (€ 58,358, $63,661)"
Kenny Tete,Fulham,"£ 50,000 (€ 58,358, $63,661)"
Callum Wilson,Newcastle Utd,"£ 46,000 (€ 53,689, $58,568)"
Fabio Vieira,Arsenal,"£ 45,000 (€ 52,522, $57,295)"
Tom Heaton,Manchester Utd,"£ 45,000 (€ 52,522, $57,295)"
Jack Stephens,Southampton,"£ 45,000 (€ 52,522, $57,295)"
Daniel Muñoz,Crystal Palace,"£ 45,000 (€ 52,522, $57,295)"
Rob Holding,Crystal Palace,"£ 45,000 (€ 52,522, $57,295)"
Hamed Junior Traorè,Bournemouth,"£ 45,000 (€ 52,522, $57,295)"
Philip Billing,Bournemouth,"£ 45,000 (€ 52,522, $57,295)"
Player,Squad,Weekly Wages
Craig Dawson,Wolves,"£ 45,000 (€ 52,522, $57,295)"
Mario Lemina,Wolves,"£ 45,000 (€ 52,522, $57,295)"
Fabian Schär,Newcastle Utd,"£ 45,000 (€ 52,522, $57,295)"
Bryan Mbeumo,Brentford,"£ 45,000 (€ 52,522, $57,295)"
Lesley Ugochukwu,Chelsea,"£ 45,000 (€ 52,522, $57,295)"
Malo Gusto,Chelsea,"£ 45,000 (€ 52,522, $57,295)"
Roméo Lavia,Chelsea,"£ 45,000 (€ 52,522, $57,295)"
Igor,Brighton,"£ 45,000 (€ 52,522, $57,295)"
Moussa Niakhate,Nott'ham Forest,"£ 45,000 (€ 52,522, $57,295)"
Hwang Ui-jo,Nott'ham Forest,"£ 45,000 (€ 52,522, $57,295)"
Calvin Bassey,Fulham,"£ 45,000 (€ 52,522, $57,295)"
Ryan Fraser,Newcastle Utd,"£ 42,000 (€ 49,020, $53,475)"
Ki-Jana Hoever,Wolves,"£ 40,385 (€ 47,135, $51,419)"
Emile Smith Rowe,Arsenal,"£ 40,000 (€ 46,686, $50,929)"
Alex McCarthy,Southampton,"£ 40,000 (€ 46,686, $50,929)"
Carlos Alcaraz,Southampton,"£ 40,000 (€ 46,686, $50,929)"
Duje Ćaleta-Car,Southampton,"£ 40,000 (€ 46,686, $50,929)"
Kamaldeen Sulemana,Southampton,"£ 40,000 (€ 46,686, $50,929)"
Bryan Gil,Tottenham,"£ 40,000 (€ 46,686, $50,929)"
Emerson,Tottenham,"£ 40,000 (€ 46,686, $50,929)"
Oliver Skipp,Tottenham,"£ 40,000 (€ 46,686, $50,929)"
Matheus França,Crystal Palace,"£ 40,000 (€ 46,686, $50,929)"
Sam Johnstone,Crystal Palace,"£ 40,000 (€ 46,686, $50,929)"
Tyrick Mitchell,Crystal Palace,"£ 40,000 (€ 46,686, $50,929)"
Alex Scott,Bournemouth,"£ 40,000 (€ 46,686, $50,929)"
Fabio Carvalho,Liverpool,"£ 40,000 (€ 46,686, $50,929)"
Harvey Elliott,Liverpool,"£ 40,000 (€ 46,686, $50,929)"
Stefan Bajcetic,Liverpool,"£ 40,000 (€ 46,686, $50,929)"
José Sá,Wolves,"£ 40,000 (€ 46,686, $50,929)"
Danny Ward,Leicester City,"£ 40,000 (€ 46,686, $50,929)"
Harry Souttar,Leicester City,"£ 40,000 (€ 46,686, $50,929)"
Jamaal Lascelles,Newcastle Utd,"£ 40,000 (€ 46,686, $50,929)"
Martin Dúbravka,Newcastle Utd,"£ 40,000 (€ 46,686, $50,929)"
Frank Onyeka,Brentford,"£ 40,000 (€ 46,686, $50,929)"
Kristoffer Ajer,Brentford,"£ 40,000 (€ 46,686, $50,929)"
Armando Broja,Chelsea,"£ 40,000 (€ 46,686, $50,929)"
Deivid Washington,Chelsea,"£ 40,000 (€ 46,686, $50,929)"
Ashley Young,Everton,"£ 40,000 (€ 46,686, $50,929)"
Emmanuel Dennis,Nott'ham Forest,"£ 40,000 (€ 46,686, $50,929)"
Matt Turner,Nott'ham Forest,"£ 40,000 (€ 46,686, $50,929)"
Player,Squad,Weekly Wages
Ola Aina,Nott'ham Forest,"£ 40,000 (€ 46,686, $50,929)"
Willy Boly,Nott'ham Forest,"£ 40,000 (€ 46,686, $50,929)"
Carlos Vinícius,Fulham,"£ 40,000 (€ 46,686, $50,929)"
Kevin Mbabu,Fulham,"£ 40,000 (€ 46,686, $50,929)"
Jamal Lewis,Newcastle Utd,"£ 38,000 (€ 44,352, $48,383)"
Altay Bayındır,Manchester Utd,"£ 35,000 (€ 40,850, $44,563)"
Adam Wharton,Crystal Palace,"£ 35,000 (€ 40,850, $44,563)"
Joel Ward,Crystal Palace,"£ 35,000 (€ 40,850, $44,563)"
Adam Smith,Bournemouth,"£ 35,000 (€ 40,850, $44,563)"
Chris Mepham,Bournemouth,"£ 35,000 (€ 40,850, $44,563)"
Dango Ouattara,Bournemouth,"£ 35,000 (€ 40,850, $44,563)"
Marcus Tavernier,Bournemouth,"£ 35,000 (€ 40,850, $44,563)"
Max Aarons,Bournemouth,"£ 35,000 (€ 40,850, $44,563)"
Romain Faivre,Bournemouth,"£ 35,000 (€ 40,850, $44,563)"
Vladimír Coufal,West Ham,"£ 35,000 (€ 40,850, $44,563)"
Álex Moreno,Aston Villa,"£ 35,000 (€ 40,850, $44,563)"
Jean-Ricner Bellegarde,Wolves,"£ 35,000 (€ 40,850, $44,563)"
Sasa Kalajdzic,Wolves,"£ 35,000 (€ 40,850, $44,563)"
Jacob Murphy,Newcastle Utd,"£ 35,000 (€ 40,850, $44,563)"
Christian Nørgaard,Brentford,"£ 35,000 (€ 40,850, $44,563)"
Keane Lewis-Potter,Brentford,"£ 35,000 (€ 40,850, $44,563)"
Rico Henry,Brentford,"£ 35,000 (€ 40,850, $44,563)"
Marcus Bettinelli,Chelsea,"£ 35,000 (€ 40,850, $44,563)"
Bart Verbruggen,Brighton,"£ 35,000 (€ 40,850, $44,563)"
Tariq Lamptey,Brighton,"£ 35,000 (€ 40,850, $44,563)"
Jarrad Branthwaite,Everton,"£ 35,000 (€ 40,850, $44,563)"
Andrew Omobamidele,Nott'ham Forest,"£ 35,000 (€ 40,850, $44,563)"
Harry Toffolo,Nott'ham Forest,"£ 35,000 (€ 40,850, $44,563)"
Matz Sels,Nott'ham Forest,"£ 35,000 (€ 40,850, $44,563)"
Nicolás Domínguez,Nott'ham Forest,"£ 35,000 (€ 40,850, $44,563)"
Bobby Reid,Fulham,"£ 35,000 (€ 40,850, $44,563)"
Harry Wilson,Fulham,"£ 35,000 (€ 40,850, $44,563)"
Paul Onuachu,Southampton,"£ 30,000 (€ 35,015, $38,197)"
Milos Kerkez,Bournemouth,"£ 30,000 (€ 35,015, $38,197)"
Jhon Durán,Aston Villa,"£ 30,000 (€ 35,015, $38,197)"
João Gomes,Wolves,"£ 30,000 (€ 35,015, $38,197)"
Santiago Bueno,Wolves,"£ 30,000 (€ 35,015, $38,197)"
James Justin,Leicester City,"£ 30,000 (€ 35,015, $38,197)"
Máximo Perrone,Manchester City,"£ 30,000 (€ 35,015, $38,197)"
Scott Carson,Manchester City,"£ 30,000 (€ 35,015, $38,197)"
Player,Squad,Weekly Wages
Aaron Hickey,Brentford,"£ 30,000 (€ 35,015, $38,197)"
Ethan Pinnock,Brentford,"£ 30,000 (€ 35,015, $38,197)"
Josh Dasilva,Brentford,"£ 30,000 (€ 35,015, $38,197)"
Mark Flekken,Brentford,"£ 30,000 (€ 35,015, $38,197)"
Mikkel Damsgaard,Brentford,"£ 30,000 (€ 35,015, $38,197)"
Nathan Collins,Brentford,"£ 30,000 (€ 35,015, $38,197)"
Vitaly Janelt,Brentford,"£ 30,000 (€ 35,015, $38,197)"
David Datro Fofana,Chelsea,"£ 30,000 (€ 35,015, $38,197)"
Evan Ferguson,Brighton,"£ 30,000 (€ 35,015, $38,197)"
Jan Paul van Hecke,Brighton,"£ 30,000 (€ 35,015, $38,197)"
James Garner,Everton,"£ 30,000 (€ 35,015, $38,197)"
Youssef Chermiti,Everton,"£ 30,000 (€ 35,015, $38,197)"
Danilo,Nott'ham Forest,"£ 30,000 (€ 35,015, $38,197)"
Murillo,Nott'ham Forest,"£ 30,000 (€ 35,015, $38,197)"
Orel Mangala,Nott'ham Forest,"£ 30,000 (€ 35,015, $38,197)"
Tim Ream,Fulham,"£ 30,000 (€ 35,015, $38,197)"
Tom Cairney,Fulham,"£ 30,000 (€ 35,015, $38,197)"
Amad Diallo,Manchester Utd,"£ 28,846 (€ 33,668, $36,728)"
Nathan Patterson,Everton,"£ 28,000 (€ 32,680, $35,650)"
Sekou Mara,Southampton,"£ 25,000 (€ 29,179, $31,831)"
William Smallbone,Southampton,"£ 25,000 (€ 29,179, $31,831)"
Alejo Véliz,Tottenham,"£ 25,000 (€ 29,179, $31,831)"
Djed Spence,Tottenham,"£ 25,000 (€ 29,179, $31,831)"
Jordan Ayew,Crystal Palace,"£ 25,000 (€ 29,179, $31,831)"
Jaidon Anthony,Bournemouth,"£ 25,000 (€ 29,179, $31,831)"
Flynn Downes,West Ham,"£ 25,000 (€ 29,179, $31,831)"
Toti Gomes,Wolves,"£ 25,000 (€ 29,179, $31,831)"
Victor Kristiansen,Leicester City,"£ 25,000 (€ 29,179, $31,831)"
Rico Lewis,Manchester City,"£ 25,000 (€ 29,179, $31,831)"
Thomas Strakosha,Brentford,"£ 25,000 (€ 29,179, $31,831)"
Yoane Wissa,Brentford,"£ 25,000 (€ 29,179, $31,831)"
Mathias Jørgensen,Brentford,"£ 25,000 (€ 29,179, $31,831)"
Đorđe Petrović,Chelsea,"£ 25,000 (€ 29,179, $31,831)"
Renato Veiga,Chelsea,"£ 25,000 (€ 29,179, $31,831)"
Valentín Barco,Brighton,"£ 25,000 (€ 29,179, $31,831)"
Dwight McNeil,Everton,"£ 25,000 (€ 29,179, $31,831)"
Anthony Elanga,Nott'ham Forest,"£ 25,000 (€ 29,179, $31,831)"
Ryan Yates,Nott'ham Forest,"£ 25,000 (€ 29,179, $31,831)"
Isaac Hayden,Newcastle Utd,"£ 22,000 (€ 25,677, $28,011)"
Abdallah Sima,Brighton,"£ 20,577 (€ 24,016, $26,199)"
Player,Squad,Weekly Wages
Facundo Pellistri,Manchester Utd,"£ 20,000 (€ 23,343, $25,465)"
Kobbie Mainoo,Manchester Utd,"£ 20,000 (€ 23,343, $25,465)"
Gavin Bazunu,Southampton,"£ 20,000 (€ 23,343, $25,465)"
Kyle Walker-Peters,Southampton,"£ 20,000 (€ 23,343, $25,465)"
Ross Stewart,Southampton,"£ 20,000 (€ 23,343, $25,465)"
Naouirou Ahamada,Crystal Palace,"£ 20,000 (€ 23,343, $25,465)"
Mark Travers,Bournemouth,"£ 20,000 (€ 23,343, $25,465)"
Morgan Rogers,Aston Villa,"£ 20,000 (€ 23,343, $25,465)"
Daniel Iversen,Leicester City,"£ 20,000 (€ 23,343, $25,465)"
Kiernan Dewsbury-Hall,Leicester City,"£ 20,000 (€ 23,343, $25,465)"
Axel Tuanzebe,Ipswich Town,"£ 20,000 (€ 23,343, $25,465)"
Issa Kaboré,Manchester City,"£ 20,000 (€ 23,343, $25,465)"
Ivan Toney,Brentford,"£ 20,000 (€ 23,343, $25,465)"
Mads Roerslev,Brentford,"£ 20,000 (€ 23,343, $25,465)"
Billy Gilmour,Brighton,"£ 20,000 (€ 23,343, $25,465)"
Deniz Undav,Brighton,"£ 20,000 (€ 23,343, $25,465)"
Jason Steele,Brighton,"£ 20,000 (€ 23,343, $25,465)"
Jeremy Sarmiento,Brighton,"£ 20,000 (€ 23,343, $25,465)"
Kjell Scherpen,Brighton,"£ 20,000 (€ 23,343, $25,465)"
George Hirst,Ipswich Town,"£ 17,115 (€ 19,976, $21,792)"
Hannibal,Manchester Utd,"£ 15,000 (€ 17,507, $19,098)"
Armel Bella Kotchap,Southampton,"£ 15,000 (€ 17,507, $19,098)"
Juan Larios,Southampton,"£ 15,000 (€ 17,507, $19,098)"
Ryan Manning,Southampton,"£ 15,000 (€ 17,507, $19,098)"
Samuel Edozie,Southampton,"£ 15,000 (€ 17,507, $19,098)"
Ashley Phillips,Tottenham,"£ 15,000 (€ 17,507, $19,098)"
Brandon Austin,Tottenham,"£ 15,000 (€ 17,507, $19,098)"
Enes Ünal,Bournemouth,"£ 15,000 (€ 17,507, $19,098)"
Kieffer Moore,Bournemouth,"£ 15,000 (€ 17,507, $19,098)"
Ben Doak,Liverpool,"£ 15,000 (€ 17,507, $19,098)"
Curtis Jones,Liverpool,"£ 15,000 (€ 17,507, $19,098)"
Jarell Quansah,Liverpool,"£ 15,000 (€ 17,507, $19,098)"
Luke Cundle,Wolves,"£ 15,000 (€ 17,507, $19,098)"
Luke Thomas,Leicester City,"£ 15,000 (€ 17,507, $19,098)"
James McAtee,Manchester City,"£ 15,000 (€ 17,507, $19,098)"
Yunus Emre Konak,Brentford,"£ 15,000 (€ 17,507, $19,098)"
Facundo Buonanotte,Brighton,"£ 15,000 (€ 17,507, $19,098)"
Lewis O'Brien,Nott'ham Forest,"£ 15,000 (€ 17,507, $19,098)"
Carlos Baleba,Brighton,"£ 12,500 (€ 14,589, $15,915)"
Simon Adingra,Brighton,"£ 12,500 (€ 14,589, $15,915)"
Player,Squad,Weekly Wages
Luke Harris,Fulham,"£ 12,500 (€ 14,589, $15,915)"
Sam Morsy,Ipswich Town,"£ 12,308 (€ 14,365, $15,670)"
Karl Jakob Hein,Arsenal,"£ 10,000 (€ 11,672, $12,732)"
James Bree,Southampton,"£ 10,000 (€ 11,672, $12,732)"
Joe Lumley,Southampton,"£ 10,000 (€ 11,672, $12,732)"
Joe Whitworth,Crystal Palace,"£ 10,000 (€ 11,672, $12,732)"
Callum Marshall,West Ham,"£ 10,000 (€ 11,672, $12,732)"
Caoimhín Kelleher,Liverpool,"£ 10,000 (€ 11,672, $12,732)"
Conor Bradley,Liverpool,"£ 10,000 (€ 11,672, $12,732)"
Rhys Williams,Liverpool,"£ 10,000 (€ 11,672, $12,732)"
Joe Gauci,Aston Villa,"£ 10,000 (€ 11,672, $12,732)"
Kaine Kesler,Aston Villa,"£ 10,000 (€ 11,672, $12,732)"
Kortney Hause,Aston Villa,"£ 10,000 (€ 11,672, $12,732)"
Lino Sousa,Aston Villa,"£ 10,000 (€ 11,672, $12,732)"
Chiquinho,Wolves,"£ 10,000 (€ 11,672, $12,732)"
Daniel Bentley,Wolves,"£ 10,000 (€ 11,672, $12,732)"
Hugo Bueno,Wolves,"£ 10,000 (€ 11,672, $12,732)"
Rayan Aït-Nouri,Wolves,"£ 10,000 (€ 11,672, $12,732)"
Tom King,Wolves,"£ 10,000 (€ 11,672, $12,732)"
Tommy Doyle,Wolves,"£ 10,000 (€ 11,672, $12,732)"
Mads Hermansen,Leicester City,"£ 10,000 (€ 11,672, $12,732)"
Stephy Mavididi,Leicester City,"£ 10,000 (€ 11,672, $12,732)"
Harrison Ashby,Newcastle Utd,"£ 10,000 (€ 11,672, $12,732)"
Mark Gillespie,Newcastle Utd,"£ 10,000 (€ 11,672, $12,732)"
Christian Walton,Ipswich Town,"£ 10,000 (€ 11,672, $12,732)"
Hákon Rafn Valdimarsson,Brentford,"£ 10,000 (€ 11,672, $12,732)"
Kevin Schade,Brentford,"£ 10,000 (€ 11,672, $12,732)"
Andrey Santos,Chelsea,"£ 10,000 (€ 11,672, $12,732)"
Diego Moreira,Chelsea,"£ 10,000 (€ 11,672, $12,732)"
Jack Hinshelwood,Brighton,"£ 10,000 (€ 11,672, $12,732)"
Jakub Moder,Brighton,"£ 10,000 (€ 11,672, $12,732)"
Julio Enciso,Brighton,"£ 10,000 (€ 11,672, $12,732)"
Kacper Kozłowski,Brighton,"£ 10,000 (€ 11,672, $12,732)"
Tom McGill,Brighton,"£ 10,000 (€ 11,672, $12,732)"
Jonathan Panzo,Nott'ham Forest,"£ 10,000 (€ 11,672, $12,732)"
Steven Benda,Fulham,"£ 10,000 (€ 11,672, $12,732)"
Issahaku Fatawu,Leicester City,"£ 9,500 (€ 11,088, $12,096)"
Leif Davis,Ipswich Town,"£ 9,423 (€ 10,998, $11,998)"
George Edmundson,Ipswich Town,"£ 8,846 (€ 10,325, $11,263)"
Joe Rothwell,Bournemouth,"£ 8,000 (€ 9,337, $10,186)"
Player,Squad,Weekly Wages
Yerson Mosquera,Wolves,"£ 8,000 (€ 9,337, $10,186)"
Tom Cannon,Leicester City,"£ 8,000 (€ 9,337, $10,186)"
Yasin Ayari,Brighton,"£ 8,000 (€ 9,337, $10,186)"
Willy Kambwala,Manchester Utd,"£ 7,500 (€ 8,754, $9,549)"
Taylor Harwood-Bellis,Southampton,"£ 7,500 (€ 8,754, $9,549)"
Alfie Whiteman,Tottenham,"£ 7,500 (€ 8,754, $9,549)"
Jesurun Rak-Sakyi,Crystal Palace,"£ 7,500 (€ 8,754, $9,549)"
Remi Matthews,Crystal Palace,"£ 7,500 (€ 8,754, $9,549)"
Conor Chaplin,Ipswich Town,"£ 7,500 (€ 8,754, $9,549)"
Cesare Casadei,Chelsea,"£ 7,500 (€ 8,754, $9,549)"
João Virgínia,Everton,"£ 7,500 (€ 8,754, $9,549)"
Rodrigo Muniz,Fulham,"£ 7,500 (€ 8,754, $9,549)"
Freddie Ladapo,Ipswich Town,"£ 7,308 (€ 8,529, $9,304)"
Lewis Hall,Newcastle Utd,"£ 7,000 (€ 8,170, $8,913)"
Marcus Harness,Ipswich Town,"£ 6,346 (€ 7,407, $8,080)"
Shea Charles,Southampton,"£ 6,000 (€ 7,003, $7,639)"
Samuel Amo-Ameyaw,Southampton,"£ 5,000 (€ 5,836, $6,366)"
Joe Hodge,Wolves,"£ 5,000 (€ 5,836, $6,366)"
Louie Moulden,Wolves,"£ 5,000 (€ 5,836, $6,366)"
Jakub Stolarczyk,Leicester City,"£ 5,000 (€ 5,836, $6,366)"
Kasey McAteer,Leicester City,"£ 5,000 (€ 5,836, $6,366)"
Lewis Miley,Newcastle Utd,"£ 5,000 (€ 5,836, $6,366)"
Ali Al Hamadi,Ipswich Town,"£ 5,000 (€ 5,836, $6,366)"
Gassan Ahadme,Ipswich Town,"£ 5,000 (€ 5,836, $6,366)"
Harry Clarke,Ipswich Town,"£ 5,000 (€ 5,836, $6,366)"
Jack Taylor,Ipswich Town,"£ 5,000 (€ 5,836, $6,366)"
Massimo Luongo,Ipswich Town,"£ 5,000 (€ 5,836, $6,366)"
Wes Burns,Ipswich Town,"£ 5,000 (€ 5,836, $6,366)"
Finley Stevens,Brentford,"£ 5,000 (€ 5,836, $6,366)"
Myles Peart-Harris,Brentford,"£ 5,000 (€ 5,836, $6,366)"
Yegor Yarmolyuk,Brentford,"£ 5,000 (€ 5,836, $6,366)"
Cameron Burgess,Ipswich Town,"£ 4,808 (€ 5,611, $6,121)"
Janoi Donacien,Ipswich Town,"£ 4,500 (€ 5,252, $5,730)"
Luke Woolfenden,Ipswich Town,"£ 3,846 (€ 4,489, $4,897)"
Alex Mighten,Nott'ham Forest,"£ 3,462 (€ 4,040, $4,407)"
Wanya Marçal,Leicester City,"£ 3,000 (€ 3,501, $3,820)"
Nathan Broadhead,Ipswich Town,"£ 3,000 (€ 3,501, $3,820)"
Omari Hutchinson,Ipswich Town,"£ 3,000 (€ 3,501, $3,820)"
Carl Rushworth,Brighton,"£ 3,000 (€ 3,501, $3,820)"
Chem Campbell,Wolves,"£ 2,500 (€ 2,918, $3,183)"
Player,Squad,Weekly Wages
Idris El Mizouni,Ipswich Town,"£ 2,500 (€ 2,918, $3,183)"
Ryan Trevitt,Brentford,"£ 2,500 (€ 2,918, $3,183)"
Will Dennis,Bournemouth,"£ 2,000 (€ 2,334, $2,546)"
Gavin Kilkenny,Bournemouth,"£ 1,500 (€ 1,751, $1,910)"
Elkan Baggott,Ipswich Town,"£ 1,500 (€ 1,751, $1,910)"
Cameron Humphreys,Ipswich Town,"£ 1,000 (€ 1,167, $1,273)"
Cieran Slicker,Ipswich Town,"£ 1,000 (€ 1,167, $1,273)"
