Rk,Player,Nation,Pos,Squad,Age,Weekly Wages,Annual Wages,Notes
1,Kevin De Bruyne,be BEL,AM,Manchester City,33,"£ 400,000 (€ 466,861, $509,290)","£ 20,800,000 (€ 24,276,772, $26,483,090)",
2,Erling Haaland,no NOR,CF,Manchester City,23,"£ 375,000 (€ 437,682, $477,460)","£ 19,500,000 (€ 22,759,474, $24,827,897)",
3,Casemiro,br BRA,DM,Manchester Utd,32,"£ 350,000 (€ 408,503, $445,629)","£ 18,200,000 (€ 21,242,176, $23,172,704)",
4,Mohamed Salah,eg EGY,RW,Liverpool,32,"£ 350,000 (€ 408,503, $445,629)","£ 18,200,000 (€ 21,242,176, $23,172,704)",
5,Raheem Sterling,eng ENG,LW,Chelsea,29,"£ 325,000 (€ 379,325, $413,798)","£ 16,900,000 (€ 19,724,877, $21,517,511)",
6,Romelu Lukaku,be BEL,CF,Chelsea,31,"£ 325,000 (€ 379,325, $413,798)","£ 16,900,000 (€ 19,724,877, $21,517,511)",
7,Marcus Rashford,eng ENG,LW,Manchester Utd,26,"£ 300,000 (€ 350,146, $381,968)","£ 15,600,000 (€ 18,207,579, $19,862,318)",
8,Bernardo Silva,pt POR,AM,Manchester City,29,"£ 300,000 (€ 350,146, $381,968)","£ 15,600,000 (€ 18,207,579, $19,862,318)",
9,Jack Grealish,eng ENG,LW,Manchester City,28,"£ 300,000 (€ 350,146, $381,968)","£ 15,600,000 (€ 18,207,579, $19,862,318)",
10,Kai Havertz,de GER,AM,Arsenal,25,"£ 280,000 (€ 326,803, $356,503)","£ 14,560,000 (€ 16,993,740, $18,538,163)",
11,Gabriel Jesus,br BRA,CF,Arsenal,27,"£ 265,000 (€ 309,295, $337,405)","£ 13,780,000 (€ 16,083,361, $17,545,047)",
12,Jadon Sancho,eng ENG,LW,Manchester Utd,24,"£ 250,000 (€ 291,788, $318,306)","£ 13,000,000 (€ 15,172,982, $16,551,931)",
13,Mason Mount,eng ENG,AM,Manchester Utd,25,"£ 250,000 (€ 291,788, $318,306)","£ 13,000,000 (€ 15,172,982, $16,551,931)",
14,João Cancelo,pt POR,RB,Manchester City,30,"£ 250,000 (€ 291,788, $318,306)","£ 13,000,000 (€ 15,172,982, $16,551,931)",
15,John Stones,eng ENG,CB,Manchester City,30,"£ 250,000 (€ 291,788, $318,306)","£ 13,000,000 (€ 15,172,982, $16,551,931)",
16,Reece James,eng ENG,RB,Chelsea,24,"£ 250,000 (€ 291,788, $318,306)","£ 13,000,000 (€ 15,172,982, $16,551,931)",
17,Declan Rice,eng ENG,DM,Arsenal,25,"£ 240,000 (€ 280,117, $305,574)","£ 12,480,000 (€ 14,566,063, $15,889,854)",
18,Martin Ødegaard,no NOR,AM,Arsenal,25,"£ 240,000 (€ 280,117, $305,574)","£ 12,480,000 (€ 14,566,063, $15,889,854)",
19,Bruno Fernandes,pt POR,AM,Manchester Utd,29,"£ 240,000 (€ 280,117, $305,574)","£ 12,480,000 (€ 14,566,063, $15,889,854)",
20,Phil Foden,eng ENG,RW,Manchester City,24,"£ 225,000 (€ 262,609, $286,476)","£ 11,700,000 (€ 13,655,684, $14,896,738)",
21,Virgil van Dijk,nl NED,CB,Liverpool,32,"£ 220,000 (€ 256,774, $280,110)","£ 11,440,000 (€ 13,352,225, $14,565,700)",
22,Rodri,es ESP,DM,Manchester City,28,"£ 220,000 (€ 256,774, $280,110)","£ 11,440,000 (€ 13,352,225, $14,565,700)",
23,Thomas Partey,gh GHA,DM,Arsenal,31,"£ 200,000 (€ 233,431, $254,645)","£ 10,400,000 (€ 12,138,386, $13,241,545)",
24,Antony,br BRA,RW,Manchester Utd,24,"£ 200,000 (€ 233,431, $254,645)","£ 10,400,000 (€ 12,138,386, $13,241,545)",
25,Joško Gvardiol,hr CRO,LB,Manchester City,22,"£ 200,000 (€ 233,431, $254,645)","£ 10,400,000 (€ 12,138,386, $13,241,545)",Unverified estimation
26,Ben Chilwell,eng ENG,LB,Chelsea,27,"£ 200,000 (€ 233,431, $254,645)","£ 10,400,000 (€ 12,138,386, $13,241,545)",
27,Wesley Fofana,fr FRA,CB,Chelsea,23,"£ 200,000 (€ 233,431, $254,645)","£ 10,400,000 (€ 12,138,386, $13,241,545)",
28,Bukayo Saka,eng ENG,RW,Arsenal,22,"£ 195,000 (€ 227,595, $248,279)","£ 10,140,000 (€ 11,834,926, $12,910,507)",
29,Matthijs de Ligt,nl NED,CB,Manchester Utd,25,"£ 195,000 (€ 227,595, $248,279)","£ 10,140,000 (€ 11,834,926, $12,910,507)",
30,Christopher Nkunku,fr FRA,AM,Chelsea,26,"£ 195,000 (€ 227,595, $248,279)","£ 10,140,000 (€ 11,834,926, $12,910,507)",Unverified estimation
31,William Saliba,fr FRA,CB,Arsenal,23,"£ 190,000 (€ 221,759, $241,913)","£ 9,880,000 (€ 11,531,467, $12,579,468)",
32,Harry Maguire,eng ENG,CB,Manchester Utd,31,"£ 190,000 (€ 221,759, $241,913)","£ 9,880,000 (€ 11,531,467, $12,579,468)",
33,Son Heung-min,kr KOR,LW,Tottenham,31,"£ 190,000 (€ 221,759, $241,913)","£ 9,880,000 (€ 11,531,467, $12,579,468)",
34,Gabriel Martinelli,br BRA,LW,Arsenal,23,"£ 180,000 (€ 210,087, $229,181)","£ 9,360,000 (€ 10,924,547, $11,917,391)",
35,Trent Alexander-Arnold,eng ENG,RB,Liverpool,25,"£ 180,000 (€ 210,087, $229,181)","£ 9,360,000 (€ 10,924,547, $11,917,391)",
36,Manuel Akanji,ch SUI,CB,Manchester City,28,"£ 180,000 (€ 210,087, $229,181)","£ 9,360,000 (€ 10,924,547, $11,917,391)",
37,Rúben Dias,pt POR,CB,Manchester City,27,"£ 180,000 (€ 210,087, $229,181)","£ 9,360,000 (€ 10,924,547, $11,917,391)",
38,Enzo Fernández,ar ARG,CM,Chelsea,23,"£ 180,000 (€ 210,087, $229,181)","£ 9,360,000 (€ 10,924,547, $11,917,391)",
39,Kyle Walker,eng ENG,RB,Manchester City,34,"£ 175,000 (€ 204,252, $222,814)","£ 9,100,000 (€ 10,621,088, $11,586,352)",Unverified estimation
40,Marc Cucurella,es ESP,LB,Chelsea,25,"£ 175,000 (€ 204,252, $222,814)","£ 9,100,000 (€ 10,621,088, $11,586,352)",
Rk,Player,Nation,Pos,Squad,Age,Weekly Wages,Annual Wages,Notes
41,James Maddison,eng ENG,AM,Tottenham,27,"£ 170,000 (€ 198,416, $216,448)","£ 8,840,000 (€ 10,317,628, $11,255,313)",
42,Cristian Romero,ar ARG,CB,Tottenham,26,"£ 165,000 (€ 192,580, $210,082)","£ 8,580,000 (€ 10,014,168, $10,924,275)",
43,Timo Werner,de GER,CF,Tottenham,28,"£ 165,000 (€ 192,580, $210,082)","£ 8,580,000 (€ 10,014,168, $10,924,275)",
44,Bruno Guimarães,br BRA,DM,Newcastle Utd,26,"£ 160,000 (€ 186,744, $203,716)","£ 8,320,000 (€ 9,710,709, $10,593,236)",
45,Nathan Aké,nl NED,CB,Manchester City,29,"£ 160,000 (€ 186,744, $203,716)","£ 8,320,000 (€ 9,710,709, $10,593,236)",
46,Ben White,eng ENG,RB,Arsenal,26,"£ 150,000 (€ 175,073, $190,984)","£ 7,800,000 (€ 9,103,790, $9,931,159)",Unverified estimation
47,Oleksandr Zinchenko,ua UKR,LB,Arsenal,27,"£ 150,000 (€ 175,073, $190,984)","£ 7,800,000 (€ 9,103,790, $9,931,159)",
48,Christian Eriksen,dk DEN,CM,Manchester Utd,32,"£ 150,000 (€ 175,073, $190,984)","£ 7,800,000 (€ 9,103,790, $9,931,159)",
49,Luke Shaw,eng ENG,LB,Manchester Utd,28,"£ 150,000 (€ 175,073, $190,984)","£ 7,800,000 (€ 9,103,790, $9,931,159)",
50,Lucas Paquetá,br BRA,AM,West Ham,26,"£ 150,000 (€ 175,073, $190,984)","£ 7,800,000 (€ 9,103,790, $9,931,159)",
51,Alexis Mac Allister,ar ARG,CM,Liverpool,25,"£ 150,000 (€ 175,073, $190,984)","£ 7,800,000 (€ 9,103,790, $9,931,159)",Unverified estimation
52,Alisson,br BRA,GK,Liverpool,31,"£ 150,000 (€ 175,073, $190,984)","£ 7,800,000 (€ 9,103,790, $9,931,159)",
53,Ryan Gravenberch,nl NED,CM,Liverpool,22,"£ 150,000 (€ 175,073, $190,984)","£ 7,800,000 (€ 9,103,790, $9,931,159)",Unverified estimation
54,Boubacar Kamara,fr FRA,DM,Aston Villa,24,"£ 150,000 (€ 175,073, $190,984)","£ 7,800,000 (€ 9,103,790, $9,931,159)",
55,Youri Tielemans,be BEL,CM,Aston Villa,27,"£ 150,000 (€ 175,073, $190,984)","£ 7,800,000 (€ 9,103,790, $9,931,159)",
56,Joelinton,br BRA,CM,Newcastle Utd,27,"£ 150,000 (€ 175,073, $190,984)","£ 7,800,000 (€ 9,103,790, $9,931,159)",Unverified estimation
57,Lloyd Kelly,eng ENG,CB,Newcastle Utd,25,"£ 150,000 (€ 175,073, $190,984)","£ 7,800,000 (€ 9,103,790, $9,931,159)",
58,Kalvin Phillips,eng ENG,DM,Manchester City,28,"£ 150,000 (€ 175,073, $190,984)","£ 7,800,000 (€ 9,103,790, $9,931,159)",
59,Mateo Kovačić,hr CRO,CM,Manchester City,30,"£ 150,000 (€ 175,073, $190,984)","£ 7,800,000 (€ 9,103,790, $9,931,159)",Unverified estimation
60,Kepa Arrizabalaga,es ESP,GK,Chelsea,29,"£ 150,000 (€ 175,073, $190,984)","£ 7,800,000 (€ 9,103,790, $9,931,159)",
61,Moisés Caicedo,ec ECU,DM,Chelsea,22,"£ 150,000 (€ 175,073, $190,984)","£ 7,800,000 (€ 9,103,790, $9,931,159)",
62,Darwin Núñez,uy URU,CF,Liverpool,25,"£ 140,000 (€ 163,401, $178,252)","£ 7,280,000 (€ 8,496,870, $9,269,082)",
63,Diogo Jota,pt POR,LW,Liverpool,27,"£ 140,000 (€ 163,401, $178,252)","£ 7,280,000 (€ 8,496,870, $9,269,082)",
64,Jamie Vardy,eng ENG,CF,Leicester City,37,"£ 140,000 (€ 163,401, $178,252)","£ 7,280,000 (€ 8,496,870, $9,269,082)",
65,Ollie Watkins,eng ENG,CF,Aston Villa,28,"£ 130,000 (€ 151,730, $165,519)","£ 6,760,000 (€ 7,889,951, $8,607,004)",Unverified estimation
66,Matheus Nunes,pt POR,CM,Manchester City,25,"£ 130,000 (€ 151,730, $165,519)","£ 6,760,000 (€ 7,889,951, $8,607,004)",Unverified estimation
67,Cole Palmer,eng ENG,AM,Chelsea,22,"£ 130,000 (€ 151,730, $165,519)","£ 6,760,000 (€ 7,889,951, $8,607,004)",
68,Abdoulaye Doucouré,ml MLI,CM,Everton,31,"£ 130,000 (€ 151,730, $165,519)","£ 6,760,000 (€ 7,889,951, $8,607,004)",
69,Bernd Leno,de GER,GK,Fulham,32,"£ 130,000 (€ 151,730, $165,519)","£ 6,760,000 (€ 7,889,951, $8,607,004)",
70,Danny Ings,eng ENG,CF,West Ham,31,"£ 125,000 (€ 145,894, $159,153)","£ 6,500,000 (€ 7,586,491, $8,275,966)",
71,Kurt Zouma,fr FRA,CB,West Ham,29,"£ 125,000 (€ 145,894, $159,153)","£ 6,500,000 (€ 7,586,491, $8,275,966)",
72,Philippe Coutinho,br BRA,AM,Aston Villa,32,"£ 125,000 (€ 145,894, $159,153)","£ 6,500,000 (€ 7,586,491, $8,275,966)",
73,Jordan Pickford,eng ENG,GK,Everton,30,"£ 125,000 (€ 145,894, $159,153)","£ 6,500,000 (€ 7,586,491, $8,275,966)",
74,Aaron Ramsdale,eng ENG,GK,Arsenal,26,"£ 120,000 (€ 140,058, $152,787)","£ 6,240,000 (€ 7,283,032, $7,944,927)",
75,Riccardo Calafiori,it ITA,CB,Arsenal,22,"£ 120,000 (€ 140,058, $152,787)","£ 6,240,000 (€ 7,283,032, $7,944,927)",
76,André Onana,cm CMR,GK,Manchester Utd,28,"£ 120,000 (€ 140,058, $152,787)","£ 6,240,000 (€ 7,283,032, $7,944,927)",
77,Lisandro Martínez,ar ARG,CB,Manchester Utd,26,"£ 120,000 (€ 140,058, $152,787)","£ 6,240,000 (€ 7,283,032, $7,944,927)",
78,Victor Lindelöf,se SWE,CB,Manchester Utd,29,"£ 120,000 (€ 140,058, $152,787)","£ 6,240,000 (€ 7,283,032, $7,944,927)",
79,Alphonse Areola,fr FRA,GK,West Ham,31,"£ 120,000 (€ 140,058, $152,787)","£ 6,240,000 (€ 7,283,032, $7,944,927)",
80,Jarrod Bowen,eng ENG,RW,West Ham,27,"£ 120,000 (€ 140,058, $152,787)","£ 6,240,000 (€ 7,283,032, $7,944,927)",
Rk,Player,Nation,Pos,Squad,Age,Weekly Wages,Annual Wages,Notes
81,Cody Gakpo,nl NED,LW,Liverpool,25,"£ 120,000 (€ 140,058, $152,787)","£ 6,240,000 (€ 7,283,032, $7,944,927)",
82,Dominik Szoboszlai,hu HUN,CM,Liverpool,23,"£ 120,000 (€ 140,058, $152,787)","£ 6,240,000 (€ 7,283,032, $7,944,927)",
83,Emiliano Martínez,ar ARG,GK,Aston Villa,31,"£ 120,000 (€ 140,058, $152,787)","£ 6,240,000 (€ 7,283,032, $7,944,927)",
84,John McGinn,sct SCO,CM,Aston Villa,29,"£ 120,000 (€ 140,058, $152,787)","£ 6,240,000 (€ 7,283,032, $7,944,927)",Unverified estimation
85,Leon Bailey,jm JAM,RW,Aston Villa,26,"£ 120,000 (€ 140,058, $152,787)","£ 6,240,000 (€ 7,283,032, $7,944,927)",Unverified estimation
86,Lucas Digne,fr FRA,LB,Aston Villa,30,"£ 120,000 (€ 140,058, $152,787)","£ 6,240,000 (€ 7,283,032, $7,944,927)",
87,Alexander Isak,se SWE,CF,Newcastle Utd,24,"£ 120,000 (€ 140,058, $152,787)","£ 6,240,000 (€ 7,283,032, $7,944,927)",
88,Kieran Trippier,eng ENG,RB,Newcastle Utd,33,"£ 120,000 (€ 140,058, $152,787)","£ 6,240,000 (€ 7,283,032, $7,944,927)",Unverified estimation
89,Sandro Tonali,it ITA,DM,Newcastle Utd,24,"£ 120,000 (€ 140,058, $152,787)","£ 6,240,000 (€ 7,283,032, $7,944,927)",
90,Malang Sarr,fr FRA,CB,Chelsea,25,"£ 120,000 (€ 140,058, $152,787)","£ 6,240,000 (€ 7,283,032, $7,944,927)",
91,Tosin Adarabioyo,eng ENG,CB,Chelsea,26,"£ 120,000 (€ 140,058, $152,787)","£ 6,240,000 (€ 7,283,032, $7,944,927)",
92,Leny Yoro,,CB,Manchester Utd,18,"£ 115,000 (€ 134,223, $146,421)","£ 5,980,000 (€ 6,979,572, $7,613,888)",
93,James Ward-Prowse,eng ENG,CM,West Ham,29,"£ 115,000 (€ 134,223, $146,421)","£ 5,980,000 (€ 6,979,572, $7,613,888)",Unverified estimation
94,Jorginho,it ITA,DM,Arsenal,32,"£ 110,000 (€ 128,387, $140,055)","£ 5,720,000 (€ 6,676,112, $7,282,850)",
95,Kieran Tierney,sct SCO,LB,Arsenal,27,"£ 110,000 (€ 128,387, $140,055)","£ 5,720,000 (€ 6,676,112, $7,282,850)",
96,Dejan Kulusevski,se SWE,RW,Tottenham,24,"£ 110,000 (€ 128,387, $140,055)","£ 5,720,000 (€ 6,676,112, $7,282,850)",
97,Joshua Zirkzee,nl NED,CF,Manchester Utd,23,"£ 105,000 (€ 122,551, $133,689)","£ 5,460,000 (€ 6,372,653, $6,951,811)",
98,Daichi Kamada,jp JPN,AM,Crystal Palace,27,"£ 105,000 (€ 122,551, $133,689)","£ 5,460,000 (€ 6,372,653, $6,951,811)",
99,Nikola Milenković,rs SRB,CB,Nott'ham Forest,26,"£ 105,000 (€ 122,551, $133,689)","£ 5,460,000 (€ 6,372,653, $6,951,811)",
100,Eddie Nketiah,eng ENG,CF,Arsenal,25,"£ 100,000 (€ 116,715, $127,323)","£ 5,200,000 (€ 6,069,193, $6,620,773)",
101,Gabriel Magalhães,br BRA,CB,Arsenal,26,"£ 100,000 (€ 116,715, $127,323)","£ 5,200,000 (€ 6,069,193, $6,620,773)",
102,Reiss Nelson,eng ENG,RW,Arsenal,24,"£ 100,000 (€ 116,715, $127,323)","£ 5,200,000 (€ 6,069,193, $6,620,773)",
103,Takehiro Tomiyasu,jp JPN,RB,Arsenal,25,"£ 100,000 (€ 116,715, $127,323)","£ 5,200,000 (€ 6,069,193, $6,620,773)",
104,Dean Henderson,eng ENG,GK,Crystal Palace,27,"£ 100,000 (€ 116,715, $127,323)","£ 5,200,000 (€ 6,069,193, $6,620,773)",Unverified estimation
105,Eberechi Eze,eng ENG,AM,Crystal Palace,26,"£ 100,000 (€ 116,715, $127,323)","£ 5,200,000 (€ 6,069,193, $6,620,773)",
106,Edson Álvarez,mx MEX,DM,West Ham,26,"£ 100,000 (€ 116,715, $127,323)","£ 5,200,000 (€ 6,069,193, $6,620,773)",
107,Andrew Robertson,sct SCO,LB,Liverpool,30,"£ 100,000 (€ 116,715, $127,323)","£ 5,200,000 (€ 6,069,193, $6,620,773)",
108,Diego Carlos,br BRA,CB,Aston Villa,31,"£ 100,000 (€ 116,715, $127,323)","£ 5,200,000 (€ 6,069,193, $6,620,773)",
109,Pau Torres,es ESP,CB,Aston Villa,27,"£ 100,000 (€ 116,715, $127,323)","£ 5,200,000 (€ 6,069,193, $6,620,773)",Unverified estimation
110,Tyrone Mings,eng ENG,CB,Aston Villa,31,"£ 100,000 (€ 116,715, $127,323)","£ 5,200,000 (€ 6,069,193, $6,620,773)",Unverified estimation
111,Matt Targett,eng ENG,LB,Newcastle Utd,28,"£ 100,000 (€ 116,715, $127,323)","£ 5,200,000 (€ 6,069,193, $6,620,773)",
112,Ederson,br BRA,GK,Manchester City,30,"£ 100,000 (€ 116,715, $127,323)","£ 5,200,000 (€ 6,069,193, $6,620,773)",
113,Carney Chukwuemeka,eng ENG,CM,Chelsea,20,"£ 100,000 (€ 116,715, $127,323)","£ 5,200,000 (€ 6,069,193, $6,620,773)",
114,Levi Colwill,eng ENG,CB,Chelsea,21,"£ 100,000 (€ 116,715, $127,323)","£ 5,200,000 (€ 6,069,193, $6,620,773)",
115,Marc Guiu,,CF,Chelsea,18,"£ 100,000 (€ 116,715, $127,323)","£ 5,200,000 (€ 6,069,193, $6,620,773)",
116,Mykhailo Mudryk,ua UKR,LW,Chelsea,23,"£ 100,000 (€ 116,715, $127,323)","£ 5,200,000 (€ 6,069,193, $6,620,773)",
117,Dominic Calvert-Lewin,eng ENG,CF,Everton,27,"£ 100,000 (€ 116,715, $127,323)","£ 5,200,000 (€ 6,069,193, $6,620,773)",
118,James Tarkowski,eng ENG,CB,Everton,31,"£ 100,000 (€ 116,715, $127,323)","£ 5,200,000 (€ 6,069,193, $6,620,773)",
119,Raúl Jiménez,mx MEX,CF,Fulham,33,"£ 100,000 (€ 116,715, $127,323)","£ 5,200,000 (€ 6,069,193, $6,620,773)",Unverified estimation
120,Emerson Palmieri,it ITA,LB,West Ham,29,"£ 95,000 (€ 110,879, $120,956)","£ 4,940,000 (€ 5,765,733, $6,289,734)",
Rk,Player,Nation,Pos,Squad,Age,Weekly Wages,Annual Wages,Notes
121,Jurriën Timber,nl NED,CB,Arsenal,23,"£ 90,000 (€ 105,044, $114,590)","£ 4,680,000 (€ 5,462,274, $5,958,695)",
122,Leandro Trossard,be BEL,LW,Arsenal,29,"£ 90,000 (€ 105,044, $114,590)","£ 4,680,000 (€ 5,462,274, $5,958,695)",
123,Aaron Wan-Bissaka,eng ENG,RB,Manchester Utd,26,"£ 90,000 (€ 105,044, $114,590)","£ 4,680,000 (€ 5,462,274, $5,958,695)",
124,Richarlison,br BRA,CF,Tottenham,27,"£ 90,000 (€ 105,044, $114,590)","£ 4,680,000 (€ 5,462,274, $5,958,695)",
125,Odsonne Édouard,fr FRA,CF,Crystal Palace,26,"£ 90,000 (€ 105,044, $114,590)","£ 4,680,000 (€ 5,462,274, $5,958,695)",Unverified estimation
126,Mohammed Kudus,,AM,West Ham,23,"£ 90,000 (€ 105,044, $114,590)","£ 4,680,000 (€ 5,462,274, $5,958,695)",Unverified estimation
127,Niclas Füllkrug,de GER,CF,West Ham,31,"£ 90,000 (€ 105,044, $114,590)","£ 4,680,000 (€ 5,462,274, $5,958,695)",
128,Tomáš Souček,cz CZE,DM,West Ham,29,"£ 90,000 (€ 105,044, $114,590)","£ 4,680,000 (€ 5,462,274, $5,958,695)",Unverified estimation
129,Leander Dendoncker,be BEL,DM,Aston Villa,29,"£ 90,000 (€ 105,044, $114,590)","£ 4,680,000 (€ 5,462,274, $5,958,695)",Unverified estimation
130,Gonçalo Guedes,pt POR,LW,Wolves,27,"£ 90,000 (€ 105,044, $114,590)","£ 4,680,000 (€ 5,462,274, $5,958,695)",Unverified estimation
131,Pablo Sarabia,es ESP,RW,Wolves,32,"£ 90,000 (€ 105,044, $114,590)","£ 4,680,000 (€ 5,462,274, $5,958,695)",
132,Harry Winks,eng ENG,DM,Leicester City,28,"£ 90,000 (€ 105,044, $114,590)","£ 4,680,000 (€ 5,462,274, $5,958,695)",Unverified estimation
133,Sven Botman,nl NED,CB,Newcastle Utd,24,"£ 90,000 (€ 105,044, $114,590)","£ 4,680,000 (€ 5,462,274, $5,958,695)",
134,Stefan Ortega,de GER,GK,Manchester City,31,"£ 90,000 (€ 105,044, $114,590)","£ 4,680,000 (€ 5,462,274, $5,958,695)",Unverified estimation
135,Benoît Badiashile,fr FRA,CB,Chelsea,23,"£ 90,000 (€ 105,044, $114,590)","£ 4,680,000 (€ 5,462,274, $5,958,695)",Unverified estimation
136,Jack Harrison,eng ENG,RW,Everton,27,"£ 90,000 (€ 105,044, $114,590)","£ 4,680,000 (€ 5,462,274, $5,958,695)",Unverified estimation
137,Willian,br BRA,LW,Fulham,35,"£ 90,000 (€ 105,044, $114,590)","£ 4,680,000 (€ 5,462,274, $5,958,695)",
138,Diogo Dalot,pt POR,RB,Manchester Utd,25,"£ 85,000 (€ 99,208, $108,224)","£ 4,420,000 (€ 5,158,814, $5,627,657)",Unverified estimation
139,Rasmus Højlund,dk DEN,CF,Manchester Utd,21,"£ 85,000 (€ 99,208, $108,224)","£ 4,420,000 (€ 5,158,814, $5,627,657)",
140,Pedro Porro,es ESP,RB,Tottenham,24,"£ 85,000 (€ 99,208, $108,224)","£ 4,420,000 (€ 5,158,814, $5,627,657)",
141,Radu Drăgușin,ro ROU,CB,Tottenham,22,"£ 85,000 (€ 99,208, $108,224)","£ 4,420,000 (€ 5,158,814, $5,627,657)",
142,Michail Antonio,jm JAM,CF,West Ham,34,"£ 85,000 (€ 99,208, $108,224)","£ 4,420,000 (€ 5,158,814, $5,627,657)",
143,Joe Gomez,eng ENG,CB,Liverpool,27,"£ 85,000 (€ 99,208, $108,224)","£ 4,420,000 (€ 5,158,814, $5,627,657)",Unverified estimation
144,David Raya,es ESP,GK,Brentford,28,"£ 85,000 (€ 99,208, $108,224)","£ 4,420,000 (€ 5,158,814, $5,627,657)",Unverified estimation
145,Ben Davies,wls WAL,LB,Tottenham,31,"£ 80,000 (€ 93,372, $101,858)","£ 4,160,000 (€ 4,855,354, $5,296,618)",Unverified estimation
146,Joachim Andersen,dk DEN,CB,Crystal Palace,28,"£ 80,000 (€ 93,372, $101,858)","£ 4,160,000 (€ 4,855,354, $5,296,618)",Unverified estimation
147,Justin Kluivert,nl NED,LW,Bournemouth,25,"£ 80,000 (€ 93,372, $101,858)","£ 4,160,000 (€ 4,855,354, $5,296,618)",Unverified estimation
148,Matty Cash,pl POL,RB,Aston Villa,26,"£ 80,000 (€ 93,372, $101,858)","£ 4,160,000 (€ 4,855,354, $5,296,618)",Unverified estimation
149,Fábio Silva,pt POR,CF,Wolves,21,"£ 80,000 (€ 93,372, $101,858)","£ 4,160,000 (€ 4,855,354, $5,296,618)",
150,Nélson Semedo,pt POR,RB,Wolves,30,"£ 80,000 (€ 93,372, $101,858)","£ 4,160,000 (€ 4,855,354, $5,296,618)",
151,Boubakary Soumaré,fr FRA,DM,Leicester City,25,"£ 80,000 (€ 93,372, $101,858)","£ 4,160,000 (€ 4,855,354, $5,296,618)",
152,Ricardo Pereira,pt POR,RB,Leicester City,30,"£ 80,000 (€ 93,372, $101,858)","£ 4,160,000 (€ 4,855,354, $5,296,618)",
153,Harvey Barnes,eng ENG,LW,Newcastle Utd,26,"£ 80,000 (€ 93,372, $101,858)","£ 4,160,000 (€ 4,855,354, $5,296,618)",Unverified estimation
154,Joe Willock,eng ENG,CM,Newcastle Utd,24,"£ 80,000 (€ 93,372, $101,858)","£ 4,160,000 (€ 4,855,354, $5,296,618)",Unverified estimation
155,Axel Disasi,fr FRA,CB,Chelsea,26,"£ 80,000 (€ 93,372, $101,858)","£ 4,160,000 (€ 4,855,354, $5,296,618)",Unverified estimation
156,Kaoru Mitoma,jp JPN,LW,Brighton,27,"£ 80,000 (€ 93,372, $101,858)","£ 4,160,000 (€ 4,855,354, $5,296,618)",
157,Lewis Dunk,eng ENG,CB,Brighton,32,"£ 80,000 (€ 93,372, $101,858)","£ 4,160,000 (€ 4,855,354, $5,296,618)",Unverified estimation
158,Idrissa Gana Gueye,sn SEN,CM,Everton,34,"£ 80,000 (€ 93,372, $101,858)","£ 4,160,000 (€ 4,855,354, $5,296,618)",Unverified estimation
159,Michael Keane,eng ENG,CB,Everton,31,"£ 80,000 (€ 93,372, $101,858)","£ 4,160,000 (€ 4,855,354, $5,296,618)",Unverified estimation
160,Callum Hudson-Odoi,eng ENG,LW,Nott'ham Forest,23,"£ 80,000 (€ 93,372, $101,858)","£ 4,160,000 (€ 4,855,354, $5,296,618)",Unverified estimation
Rk,Player,Nation,Pos,Squad,Age,Weekly Wages,Annual Wages,Notes
161,Chris Wood,nz NZL,CF,Nott'ham Forest,32,"£ 80,000 (€ 93,372, $101,858)","£ 4,160,000 (€ 4,855,354, $5,296,618)",Unverified estimation
162,Morgan Gibbs-White,eng ENG,AM,Nott'ham Forest,24,"£ 80,000 (€ 93,372, $101,858)","£ 4,160,000 (€ 4,855,354, $5,296,618)",Unverified estimation
163,Alex Iwobi,ng NGA,LW,Fulham,28,"£ 80,000 (€ 93,372, $101,858)","£ 4,160,000 (€ 4,855,354, $5,296,618)",Unverified estimation
164,Tyrell Malacia,nl NED,LB,Manchester Utd,24,"£ 75,000 (€ 87,536, $95,492)","£ 3,900,000 (€ 4,551,895, $4,965,579)",Unverified estimation
165,Archie Gray,,CM,Tottenham,18,"£ 75,000 (€ 87,536, $95,492)","£ 3,900,000 (€ 4,551,895, $4,965,579)",
166,Destiny Udogie,it ITA,LB,Tottenham,21,"£ 75,000 (€ 87,536, $95,492)","£ 3,900,000 (€ 4,551,895, $4,965,579)",
167,Fraser Forster,eng ENG,GK,Tottenham,36,"£ 75,000 (€ 87,536, $95,492)","£ 3,900,000 (€ 4,551,895, $4,965,579)",Unverified estimation
168,Guglielmo Vicario,it ITA,GK,Tottenham,27,"£ 75,000 (€ 87,536, $95,492)","£ 3,900,000 (€ 4,551,895, $4,965,579)",
169,Rodrigo Bentancur,uy URU,CM,Tottenham,27,"£ 75,000 (€ 87,536, $95,492)","£ 3,900,000 (€ 4,551,895, $4,965,579)",Unverified estimation
170,Kostas Tsimikas,gr GRE,LB,Liverpool,28,"£ 75,000 (€ 87,536, $95,492)","£ 3,900,000 (€ 4,551,895, $4,965,579)",Unverified estimation
171,Emi Buendía,ar ARG,RW,Aston Villa,27,"£ 75,000 (€ 87,536, $95,492)","£ 3,900,000 (€ 4,551,895, $4,965,579)",
172,Ezri Konsa,eng ENG,CB,Aston Villa,26,"£ 75,000 (€ 87,536, $95,492)","£ 3,900,000 (€ 4,551,895, $4,965,579)",Unverified estimation
173,Conor Coady,eng ENG,CB,Leicester City,31,"£ 75,000 (€ 87,536, $95,492)","£ 3,900,000 (€ 4,551,895, $4,965,579)",Unverified estimation
174,Patson Daka,zm ZAM,CF,Leicester City,25,"£ 75,000 (€ 87,536, $95,492)","£ 3,900,000 (€ 4,551,895, $4,965,579)",Unverified estimation
175,Wilfred Ndidi,ng NGA,DM,Leicester City,27,"£ 75,000 (€ 87,536, $95,492)","£ 3,900,000 (€ 4,551,895, $4,965,579)",
176,Ibrahim Sangaré,ci CIV,DM,Nott'ham Forest,26,"£ 75,000 (€ 87,536, $95,492)","£ 3,900,000 (€ 4,551,895, $4,965,579)",Unverified estimation
177,Jonjo Shelvey,eng ENG,CM,Nott'ham Forest,32,"£ 75,000 (€ 87,536, $95,492)","£ 3,900,000 (€ 4,551,895, $4,965,579)",
178,Joe Aribo,ng NGA,CM,Southampton,27,"£ 70,000 (€ 81,701, $89,126)","£ 3,640,000 (€ 4,248,435, $4,634,541)",
179,Brennan Johnson,wls WAL,RW,Tottenham,23,"£ 70,000 (€ 81,701, $89,126)","£ 3,640,000 (€ 4,248,435, $4,634,541)",Unverified estimation
180,Giovani Lo Celso,ar ARG,AM,Tottenham,28,"£ 70,000 (€ 81,701, $89,126)","£ 3,640,000 (€ 4,248,435, $4,634,541)",
181,Pape Matar Sarr,sn SEN,CM,Tottenham,21,"£ 70,000 (€ 81,701, $89,126)","£ 3,640,000 (€ 4,248,435, $4,634,541)",Unverified estimation
182,Cheick Doucouré,ml MLI,DM,Crystal Palace,24,"£ 70,000 (€ 81,701, $89,126)","£ 3,640,000 (€ 4,248,435, $4,634,541)",Unverified estimation
183,Jefferson Lerma,co COL,DM,Crystal Palace,29,"£ 70,000 (€ 81,701, $89,126)","£ 3,640,000 (€ 4,248,435, $4,634,541)",Unverified estimation
184,Dominic Solanke,eng ENG,CF,Bournemouth,26,"£ 70,000 (€ 81,701, $89,126)","£ 3,640,000 (€ 4,248,435, $4,634,541)",Unverified estimation
185,Ibrahima Konaté,fr FRA,CB,Liverpool,25,"£ 70,000 (€ 81,701, $89,126)","£ 3,640,000 (€ 4,248,435, $4,634,541)",
186,Jacob Ramsey,eng ENG,AM,Aston Villa,23,"£ 70,000 (€ 81,701, $89,126)","£ 3,640,000 (€ 4,248,435, $4,634,541)",
187,Hwang Hee-chan,kr KOR,CF,Wolves,28,"£ 70,000 (€ 81,701, $89,126)","£ 3,640,000 (€ 4,248,435, $4,634,541)",Unverified estimation
188,Mason Holgate,eng ENG,CB,Everton,27,"£ 70,000 (€ 81,701, $89,126)","£ 3,640,000 (€ 4,248,435, $4,634,541)",
189,Issa Diop,fr FRA,CB,Fulham,27,"£ 70,000 (€ 81,701, $89,126)","£ 3,640,000 (€ 4,248,435, $4,634,541)",Unverified estimation
190,Jonny Evans,nir NIR,CB,Manchester Utd,36,"£ 65,000 (€ 75,865, $82,760)","£ 3,380,000 (€ 3,944,975, $4,303,502)",
191,Luis Sinisterra,co COL,LW,Bournemouth,25,"£ 65,000 (€ 75,865, $82,760)","£ 3,380,000 (€ 3,944,975, $4,303,502)",Unverified estimation
192,Łukasz Fabiański,pl POL,GK,West Ham,39,"£ 65,000 (€ 75,865, $82,760)","£ 3,380,000 (€ 3,944,975, $4,303,502)",
193,Maxwel Cornet,ci CIV,LW,West Ham,27,"£ 65,000 (€ 75,865, $82,760)","£ 3,380,000 (€ 3,944,975, $4,303,502)",Unverified estimation
194,Nathaniel Phillips,eng ENG,CB,Liverpool,27,"£ 65,000 (€ 75,865, $82,760)","£ 3,380,000 (€ 3,944,975, $4,303,502)",
195,Nicolas Jackson,sn SEN,CF,Chelsea,23,"£ 65,000 (€ 75,865, $82,760)","£ 3,380,000 (€ 3,944,975, $4,303,502)",Unverified estimation
196,Pascal Groß,de GER,CM,Brighton,33,"£ 65,000 (€ 75,865, $82,760)","£ 3,380,000 (€ 3,944,975, $4,303,502)",Unverified estimation
197,Adama Traoré,es ESP,RW,Fulham,28,"£ 65,000 (€ 75,865, $82,760)","£ 3,380,000 (€ 3,944,975, $4,303,502)",Unverified estimation
198,Timothy Castagne,be BEL,RB,Fulham,28,"£ 65,000 (€ 75,865, $82,760)","£ 3,380,000 (€ 3,944,975, $4,303,502)",Unverified estimation
199,Saša Lukić,rs SRB,CM,Fulham,27,"£ 63,000 (€ 73,531, $80,213)","£ 3,276,000 (€ 3,823,592, $4,171,087)",
200,Scott McTominay,sct SCO,CM,Manchester Utd,27,"£ 60,000 (€ 70,029, $76,394)","£ 3,120,000 (€ 3,641,516, $3,972,464)",
Rk,Player,Nation,Pos,Squad,Age,Weekly Wages,Annual Wages,Notes
201,Adam Armstrong,eng ENG,CF,Southampton,27,"£ 60,000 (€ 70,029, $76,394)","£ 3,120,000 (€ 3,641,516, $3,972,464)",Unverified estimation
202,Jan Bednarek,pl POL,CB,Southampton,28,"£ 60,000 (€ 70,029, $76,394)","£ 3,120,000 (€ 3,641,516, $3,972,464)",
203,Manor Solomon,il ISR,LW,Tottenham,24,"£ 60,000 (€ 70,029, $76,394)","£ 3,120,000 (€ 3,641,516, $3,972,464)",
204,Jeffrey Schlupp,gh GHA,LM,Crystal Palace,31,"£ 60,000 (€ 70,029, $76,394)","£ 3,120,000 (€ 3,641,516, $3,972,464)",Unverified estimation
205,Lewis Cook,eng ENG,CM,Bournemouth,27,"£ 60,000 (€ 70,029, $76,394)","£ 3,120,000 (€ 3,641,516, $3,972,464)",Unverified estimation
206,Tyler Adams,us USA,DM,Bournemouth,25,"£ 60,000 (€ 70,029, $76,394)","£ 3,120,000 (€ 3,641,516, $3,972,464)",Unverified estimation
207,Matheus Cunha,br BRA,CF,Wolves,25,"£ 60,000 (€ 70,029, $76,394)","£ 3,120,000 (€ 3,641,516, $3,972,464)",Unverified estimation
208,Jannik Vestergaard,dk DEN,CB,Leicester City,31,"£ 60,000 (€ 70,029, $76,394)","£ 3,120,000 (€ 3,641,516, $3,972,464)",Unverified estimation
209,Anthony Gordon,eng ENG,LW,Newcastle Utd,23,"£ 60,000 (€ 70,029, $76,394)","£ 3,120,000 (€ 3,641,516, $3,972,464)",Unverified estimation
210,Miguel Almirón,py PAR,RW,Newcastle Utd,30,"£ 60,000 (€ 70,029, $76,394)","£ 3,120,000 (€ 3,641,516, $3,972,464)",Unverified estimation
211,Nick Pope,eng ENG,GK,Newcastle Utd,32,"£ 60,000 (€ 70,029, $76,394)","£ 3,120,000 (€ 3,641,516, $3,972,464)",
212,Robert Sánchez,es ESP,GK,Chelsea,26,"£ 60,000 (€ 70,029, $76,394)","£ 3,120,000 (€ 3,641,516, $3,972,464)",Unverified estimation
213,Danny Welbeck,eng ENG,CF,Brighton,33,"£ 60,000 (€ 70,029, $76,394)","£ 3,120,000 (€ 3,641,516, $3,972,464)",Unverified estimation
214,James Milner,eng ENG,CM,Brighton,38,"£ 60,000 (€ 70,029, $76,394)","£ 3,120,000 (€ 3,641,516, $3,972,464)",Unverified estimation
215,Jakub Kiwior,pl POL,LB,Arsenal,24,"£ 58,000 (€ 67,695, $73,847)","£ 3,016,000 (€ 3,520,132, $3,840,048)",
216,Vitaliy Mykolenko,ua UKR,LB,Everton,25,"£ 58,000 (€ 67,695, $73,847)","£ 3,016,000 (€ 3,520,132, $3,840,048)",
217,Yves Bissouma,ml MLI,DM,Tottenham,27,"£ 55,000 (€ 64,193, $70,027)","£ 2,860,000 (€ 3,338,056, $3,641,425)",Unverified estimation
218,Chris Richards,us USA,CB,Crystal Palace,24,"£ 55,000 (€ 64,193, $70,027)","£ 2,860,000 (€ 3,338,056, $3,641,425)",Unverified estimation
219,Luis Díaz,co COL,LW,Liverpool,27,"£ 55,000 (€ 64,193, $70,027)","£ 2,860,000 (€ 3,338,056, $3,641,425)",
220,Boubacar Traoré,ml MLI,DM,Wolves,22,"£ 55,000 (€ 64,193, $70,027)","£ 2,860,000 (€ 3,338,056, $3,641,425)",
221,Dan Burn,eng ENG,LB,Newcastle Utd,32,"£ 55,000 (€ 64,193, $70,027)","£ 2,860,000 (€ 3,338,056, $3,641,425)",Unverified estimation
222,Emil Krafth,se SWE,RB,Newcastle Utd,29,"£ 55,000 (€ 64,193, $70,027)","£ 2,860,000 (€ 3,338,056, $3,641,425)",
223,Ben Mee,eng ENG,CB,Brentford,34,"£ 55,000 (€ 64,193, $70,027)","£ 2,860,000 (€ 3,338,056, $3,641,425)",Unverified estimation
224,Adam Webster,eng ENG,CB,Brighton,29,"£ 55,000 (€ 64,193, $70,027)","£ 2,860,000 (€ 3,338,056, $3,641,425)",Unverified estimation
225,Mahmoud Dahoud,de GER,CM,Brighton,28,"£ 55,000 (€ 64,193, $70,027)","£ 2,860,000 (€ 3,338,056, $3,641,425)",Unverified estimation
226,Séamus Coleman,ie IRL,RB,Everton,35,"£ 55,000 (€ 64,193, $70,027)","£ 2,860,000 (€ 3,338,056, $3,641,425)",Unverified estimation
227,Sergio Reguilón,es ESP,LB,Tottenham,27,"£ 53,000 (€ 61,859, $67,481)","£ 2,756,000 (€ 3,216,672, $3,509,009)",
228,Alejandro Garnacho,,LW,Manchester Utd,20,"£ 50,000 (€ 58,358, $63,661)","£ 2,600,000 (€ 3,034,596, $3,310,386)",
229,Micky van de Ven,nl NED,CB,Tottenham,23,"£ 50,000 (€ 58,358, $63,661)","£ 2,600,000 (€ 3,034,596, $3,310,386)",Unverified estimation
230,Jean-Philippe Mateta,fr FRA,CF,Crystal Palace,27,"£ 50,000 (€ 58,358, $63,661)","£ 2,600,000 (€ 3,034,596, $3,310,386)",
231,Marc Guéhi,eng ENG,CB,Crystal Palace,23,"£ 50,000 (€ 58,358, $63,661)","£ 2,600,000 (€ 3,034,596, $3,310,386)",Unverified estimation
232,Nathaniel Clyne,eng ENG,RB,Crystal Palace,33,"£ 50,000 (€ 58,358, $63,661)","£ 2,600,000 (€ 3,034,596, $3,310,386)",Unverified estimation
233,Will Hughes,eng ENG,CM,Crystal Palace,29,"£ 50,000 (€ 58,358, $63,661)","£ 2,600,000 (€ 3,034,596, $3,310,386)",Unverified estimation
234,Antoine Semenyo,gh GHA,RW,Bournemouth,24,"£ 50,000 (€ 58,358, $63,661)","£ 2,600,000 (€ 3,034,596, $3,310,386)",Unverified estimation
235,David Brooks,wls WAL,RW,Bournemouth,26,"£ 50,000 (€ 58,358, $63,661)","£ 2,600,000 (€ 3,034,596, $3,310,386)",
236,Ilya Zabarnyi,,CB,Bournemouth,21,"£ 50,000 (€ 58,358, $63,661)","£ 2,600,000 (€ 3,034,596, $3,310,386)",Unverified estimation
237,Marcos Senesi,ar ARG,CB,Bournemouth,27,"£ 50,000 (€ 58,358, $63,661)","£ 2,600,000 (€ 3,034,596, $3,310,386)",Unverified estimation
238,Neto,br BRA,GK,Bournemouth,34,"£ 50,000 (€ 58,358, $63,661)","£ 2,600,000 (€ 3,034,596, $3,310,386)",Unverified estimation
239,Ryan Christie,sct SCO,CM,Bournemouth,29,"£ 50,000 (€ 58,358, $63,661)","£ 2,600,000 (€ 3,034,596, $3,310,386)",Unverified estimation
240,Aaron Cresswell,eng ENG,LB,West Ham,34,"£ 50,000 (€ 58,358, $63,661)","£ 2,600,000 (€ 3,034,596, $3,310,386)",
Rk,Player,Nation,Pos,Squad,Age,Weekly Wages,Annual Wages,Notes
241,Konstantinos Mavropanos,gr GRE,CB,West Ham,26,"£ 50,000 (€ 58,358, $63,661)","£ 2,600,000 (€ 3,034,596, $3,310,386)",Unverified estimation
242,Nayef Aguerd,ma MAR,CB,West Ham,28,"£ 50,000 (€ 58,358, $63,661)","£ 2,600,000 (€ 3,034,596, $3,310,386)",Unverified estimation
243,Wataru Endo,jp JPN,DM,Liverpool,31,"£ 50,000 (€ 58,358, $63,661)","£ 2,600,000 (€ 3,034,596, $3,310,386)",Unverified estimation
244,Calum Chambers,eng ENG,CB,Aston Villa,29,"£ 50,000 (€ 58,358, $63,661)","£ 2,600,000 (€ 3,034,596, $3,310,386)",
245,Robin Olsen,se SWE,GK,Aston Villa,34,"£ 50,000 (€ 58,358, $63,661)","£ 2,600,000 (€ 3,034,596, $3,310,386)",
246,Matt Doherty,ie IRL,RB,Wolves,32,"£ 50,000 (€ 58,358, $63,661)","£ 2,600,000 (€ 3,034,596, $3,310,386)",Unverified estimation
247,Pedro Neto,pt POR,RW,Wolves,24,"£ 50,000 (€ 58,358, $63,661)","£ 2,600,000 (€ 3,034,596, $3,310,386)",
248,Hamza Choudhury,eng ENG,DM,Leicester City,26,"£ 50,000 (€ 58,358, $63,661)","£ 2,600,000 (€ 3,034,596, $3,310,386)",Unverified estimation
249,Wout Faes,be BEL,CB,Leicester City,26,"£ 50,000 (€ 58,358, $63,661)","£ 2,600,000 (€ 3,034,596, $3,310,386)",Unverified estimation
250,Sean Longstaff,eng ENG,CM,Newcastle Utd,26,"£ 50,000 (€ 58,358, $63,661)","£ 2,600,000 (€ 3,034,596, $3,310,386)",
251,Valentino Livramento,eng ENG,RB,Newcastle Utd,21,"£ 50,000 (€ 58,358, $63,661)","£ 2,600,000 (€ 3,034,596, $3,310,386)",Unverified estimation
252,Jeremy Doku,be BEL,LW,Manchester City,22,"£ 50,000 (€ 58,358, $63,661)","£ 2,600,000 (€ 3,034,596, $3,310,386)",Unverified estimation
253,Oscar Bobb,,RW,Manchester City,20,"£ 50,000 (€ 58,358, $63,661)","£ 2,600,000 (€ 3,034,596, $3,310,386)",
254,Sergio Gómez,es ESP,LB,Manchester City,23,"£ 50,000 (€ 58,358, $63,661)","£ 2,600,000 (€ 3,034,596, $3,310,386)",Unverified estimation
255,Mathias Jensen,dk DEN,CM,Brentford,28,"£ 50,000 (€ 58,358, $63,661)","£ 2,600,000 (€ 3,034,596, $3,310,386)",Unverified estimation
256,Conor Gallagher,eng ENG,CM,Chelsea,24,"£ 50,000 (€ 58,358, $63,661)","£ 2,600,000 (€ 3,034,596, $3,310,386)",Unverified estimation
257,Noni Madueke,,RW,Chelsea,22,"£ 50,000 (€ 58,358, $63,661)","£ 2,600,000 (€ 3,034,596, $3,310,386)",Unverified estimation
258,Trevoh Chalobah,eng ENG,CB,Chelsea,24,"£ 50,000 (€ 58,358, $63,661)","£ 2,600,000 (€ 3,034,596, $3,310,386)",Unverified estimation
259,João Pedro,br BRA,CF,Brighton,22,"£ 50,000 (€ 58,358, $63,661)","£ 2,600,000 (€ 3,034,596, $3,310,386)",Unverified estimation
260,Joël Veltman,nl NED,RB,Brighton,32,"£ 50,000 (€ 58,358, $63,661)","£ 2,600,000 (€ 3,034,596, $3,310,386)",Unverified estimation
261,Pervis Estupiñán,ec ECU,LB,Brighton,26,"£ 50,000 (€ 58,358, $63,661)","£ 2,600,000 (€ 3,034,596, $3,310,386)",Unverified estimation
262,Solly March,eng ENG,RW,Brighton,29,"£ 50,000 (€ 58,358, $63,661)","£ 2,600,000 (€ 3,034,596, $3,310,386)",Unverified estimation
263,Beto,gw GNB,CF,Everton,26,"£ 50,000 (€ 58,358, $63,661)","£ 2,600,000 (€ 3,034,596, $3,310,386)",Unverified estimation
264,Jesper Lindstrøm,dk DEN,,Everton,24,"£ 50,000 (€ 58,358, $63,661)","£ 2,600,000 (€ 3,034,596, $3,310,386)",Unverified estimation
265,Neal Maupay,fr FRA,CF,Everton,27,"£ 50,000 (€ 58,358, $63,661)","£ 2,600,000 (€ 3,034,596, $3,310,386)",Unverified estimation
266,Joe Worrall,eng ENG,CB,Nott'ham Forest,27,"£ 50,000 (€ 58,358, $63,661)","£ 2,600,000 (€ 3,034,596, $3,310,386)",Unverified estimation
267,Neco Williams,wls WAL,RB,Nott'ham Forest,23,"£ 50,000 (€ 58,358, $63,661)","£ 2,600,000 (€ 3,034,596, $3,310,386)",Unverified estimation
268,Taiwo Awoniyi,ng NGA,CF,Nott'ham Forest,26,"£ 50,000 (€ 58,358, $63,661)","£ 2,600,000 (€ 3,034,596, $3,310,386)",Unverified estimation
269,Andreas Pereira,br BRA,AM,Fulham,28,"£ 50,000 (€ 58,358, $63,661)","£ 2,600,000 (€ 3,034,596, $3,310,386)",Unverified estimation
270,Antonee Robinson,us USA,LB,Fulham,26,"£ 50,000 (€ 58,358, $63,661)","£ 2,600,000 (€ 3,034,596, $3,310,386)",Unverified estimation
271,Harrison Reed,eng ENG,CM,Fulham,29,"£ 50,000 (€ 58,358, $63,661)","£ 2,600,000 (€ 3,034,596, $3,310,386)",Unverified estimation
272,Kenny Tete,nl NED,RB,Fulham,28,"£ 50,000 (€ 58,358, $63,661)","£ 2,600,000 (€ 3,034,596, $3,310,386)",
273,Callum Wilson,eng ENG,CF,Newcastle Utd,32,"£ 46,000 (€ 53,689, $58,568)","£ 2,392,000 (€ 2,791,829, $3,045,555)",
274,Fabio Vieira,pt POR,AM,Arsenal,24,"£ 45,000 (€ 52,522, $57,295)","£ 2,340,000 (€ 2,731,137, $2,979,348)",
275,Tom Heaton,eng ENG,GK,Manchester Utd,38,"£ 45,000 (€ 52,522, $57,295)","£ 2,340,000 (€ 2,731,137, $2,979,348)",
276,Jack Stephens,eng ENG,CB,Southampton,30,"£ 45,000 (€ 52,522, $57,295)","£ 2,340,000 (€ 2,731,137, $2,979,348)",
277,Daniel Muñoz,co COL,RB,Crystal Palace,28,"£ 45,000 (€ 52,522, $57,295)","£ 2,340,000 (€ 2,731,137, $2,979,348)",Unverified estimation
278,Rob Holding,eng ENG,CB,Crystal Palace,28,"£ 45,000 (€ 52,522, $57,295)","£ 2,340,000 (€ 2,731,137, $2,979,348)",Unverified estimation
279,Hamed Junior Traorè,ci CIV,AM,Bournemouth,24,"£ 45,000 (€ 52,522, $57,295)","£ 2,340,000 (€ 2,731,137, $2,979,348)",
280,Philip Billing,dk DEN,CM,Bournemouth,28,"£ 45,000 (€ 52,522, $57,295)","£ 2,340,000 (€ 2,731,137, $2,979,348)",
Rk,Player,Nation,Pos,Squad,Age,Weekly Wages,Annual Wages,Notes
281,Craig Dawson,eng ENG,CB,Wolves,34,"£ 45,000 (€ 52,522, $57,295)","£ 2,340,000 (€ 2,731,137, $2,979,348)",Unverified estimation
282,Mario Lemina,ga GAB,DM,Wolves,30,"£ 45,000 (€ 52,522, $57,295)","£ 2,340,000 (€ 2,731,137, $2,979,348)",Unverified estimation
283,Fabian Schär,ch SUI,CB,Newcastle Utd,32,"£ 45,000 (€ 52,522, $57,295)","£ 2,340,000 (€ 2,731,137, $2,979,348)",Unverified estimation
284,Bryan Mbeumo,cm CMR,RW,Brentford,24,"£ 45,000 (€ 52,522, $57,295)","£ 2,340,000 (€ 2,731,137, $2,979,348)",Unverified estimation
285,Lesley Ugochukwu,fr FRA,DM,Chelsea,20,"£ 45,000 (€ 52,522, $57,295)","£ 2,340,000 (€ 2,731,137, $2,979,348)",Unverified estimation
286,Malo Gusto,fr FRA,RB,Chelsea,21,"£ 45,000 (€ 52,522, $57,295)","£ 2,340,000 (€ 2,731,137, $2,979,348)",Unverified estimation
287,Roméo Lavia,,DM,Chelsea,20,"£ 45,000 (€ 52,522, $57,295)","£ 2,340,000 (€ 2,731,137, $2,979,348)",Unverified estimation
288,Igor,br BRA,CB,Brighton,26,"£ 45,000 (€ 52,522, $57,295)","£ 2,340,000 (€ 2,731,137, $2,979,348)",
289,Moussa Niakhate,sn SEN,CB,Nott'ham Forest,28,"£ 45,000 (€ 52,522, $57,295)","£ 2,340,000 (€ 2,731,137, $2,979,348)",Unverified estimation
290,Hwang Ui-jo,kr KOR,CF,Nott'ham Forest,31,"£ 45,000 (€ 52,522, $57,295)","£ 2,340,000 (€ 2,731,137, $2,979,348)",Unverified estimation
291,Calvin Bassey,ng NGA,CB,Fulham,24,"£ 45,000 (€ 52,522, $57,295)","£ 2,340,000 (€ 2,731,137, $2,979,348)",Unverified estimation
292,Ryan Fraser,sct SCO,LW,Newcastle Utd,30,"£ 42,000 (€ 49,020, $53,475)","£ 2,184,000 (€ 2,549,061, $2,780,724)",
293,Ki-Jana Hoever,nl NED,RB,Wolves,22,"£ 40,385 (€ 47,135, $51,419)","£ 2,100,000 (€ 2,451,020, $2,673,774)",
294,Emile Smith Rowe,eng ENG,AM,Arsenal,23,"£ 40,000 (€ 46,686, $50,929)","£ 2,080,000 (€ 2,427,677, $2,648,309)",
295,Alex McCarthy,eng ENG,GK,Southampton,34,"£ 40,000 (€ 46,686, $50,929)","£ 2,080,000 (€ 2,427,677, $2,648,309)",Unverified estimation
296,Carlos Alcaraz,ar ARG,CM,Southampton,21,"£ 40,000 (€ 46,686, $50,929)","£ 2,080,000 (€ 2,427,677, $2,648,309)",Unverified estimation
297,Duje Ćaleta-Car,hr CRO,CB,Southampton,27,"£ 40,000 (€ 46,686, $50,929)","£ 2,080,000 (€ 2,427,677, $2,648,309)",Unverified estimation
298,Kamaldeen Sulemana,gh GHA,LW,Southampton,22,"£ 40,000 (€ 46,686, $50,929)","£ 2,080,000 (€ 2,427,677, $2,648,309)",Unverified estimation
299,Bryan Gil,es ESP,LW,Tottenham,23,"£ 40,000 (€ 46,686, $50,929)","£ 2,080,000 (€ 2,427,677, $2,648,309)",
300,Emerson,br BRA,RB,Tottenham,25,"£ 40,000 (€ 46,686, $50,929)","£ 2,080,000 (€ 2,427,677, $2,648,309)",
301,Oliver Skipp,eng ENG,DM,Tottenham,23,"£ 40,000 (€ 46,686, $50,929)","£ 2,080,000 (€ 2,427,677, $2,648,309)",
302,Matheus França,,AM,Crystal Palace,20,"£ 40,000 (€ 46,686, $50,929)","£ 2,080,000 (€ 2,427,677, $2,648,309)",Unverified estimation
303,Sam Johnstone,eng ENG,GK,Crystal Palace,31,"£ 40,000 (€ 46,686, $50,929)","£ 2,080,000 (€ 2,427,677, $2,648,309)",Unverified estimation
304,Tyrick Mitchell,eng ENG,LB,Crystal Palace,24,"£ 40,000 (€ 46,686, $50,929)","£ 2,080,000 (€ 2,427,677, $2,648,309)",Unverified estimation
305,Alex Scott,eng ENG,CM,Bournemouth,20,"£ 40,000 (€ 46,686, $50,929)","£ 2,080,000 (€ 2,427,677, $2,648,309)",Unverified estimation
306,Fabio Carvalho,pt POR,AM,Liverpool,21,"£ 40,000 (€ 46,686, $50,929)","£ 2,080,000 (€ 2,427,677, $2,648,309)",Unverified estimation
307,Harvey Elliott,eng ENG,CM,Liverpool,21,"£ 40,000 (€ 46,686, $50,929)","£ 2,080,000 (€ 2,427,677, $2,648,309)",Unverified estimation
308,Stefan Bajcetic,,DM,Liverpool,19,"£ 40,000 (€ 46,686, $50,929)","£ 2,080,000 (€ 2,427,677, $2,648,309)",Unverified estimation
309,José Sá,pt POR,GK,Wolves,31,"£ 40,000 (€ 46,686, $50,929)","£ 2,080,000 (€ 2,427,677, $2,648,309)",Unverified estimation
310,Danny Ward,wls WAL,GK,Leicester City,31,"£ 40,000 (€ 46,686, $50,929)","£ 2,080,000 (€ 2,427,677, $2,648,309)",
311,Harry Souttar,au AUS,CB,Leicester City,25,"£ 40,000 (€ 46,686, $50,929)","£ 2,080,000 (€ 2,427,677, $2,648,309)",Unverified estimation
312,Jamaal Lascelles,eng ENG,CB,Newcastle Utd,30,"£ 40,000 (€ 46,686, $50,929)","£ 2,080,000 (€ 2,427,677, $2,648,309)",
313,Martin Dúbravka,sk SVK,GK,Newcastle Utd,35,"£ 40,000 (€ 46,686, $50,929)","£ 2,080,000 (€ 2,427,677, $2,648,309)",
314,Frank Onyeka,ng NGA,CM,Brentford,26,"£ 40,000 (€ 46,686, $50,929)","£ 2,080,000 (€ 2,427,677, $2,648,309)",Unverified estimation
315,Kristoffer Ajer,no NOR,CB,Brentford,26,"£ 40,000 (€ 46,686, $50,929)","£ 2,080,000 (€ 2,427,677, $2,648,309)",Unverified estimation
316,Armando Broja,al ALB,CF,Chelsea,22,"£ 40,000 (€ 46,686, $50,929)","£ 2,080,000 (€ 2,427,677, $2,648,309)",Unverified estimation
317,Deivid Washington,,CF,Chelsea,19,"£ 40,000 (€ 46,686, $50,929)","£ 2,080,000 (€ 2,427,677, $2,648,309)",Unverified estimation
318,Ashley Young,eng ENG,LB,Everton,38,"£ 40,000 (€ 46,686, $50,929)","£ 2,080,000 (€ 2,427,677, $2,648,309)",Unverified estimation
319,Emmanuel Dennis,ng NGA,CF,Nott'ham Forest,26,"£ 40,000 (€ 46,686, $50,929)","£ 2,080,000 (€ 2,427,677, $2,648,309)",Unverified estimation
320,Matt Turner,us USA,GK,Nott'ham Forest,30,"£ 40,000 (€ 46,686, $50,929)","£ 2,080,000 (€ 2,427,677, $2,648,309)",Unverified estimation
Rk,Player,Nation,Pos,Squad,Age,Weekly Wages,Annual Wages,Notes
321,Ola Aina,ng NGA,RB,Nott'ham Forest,27,"£ 40,000 (€ 46,686, $50,929)","£ 2,080,000 (€ 2,427,677, $2,648,309)",Unverified estimation
322,Willy Boly,ci CIV,CB,Nott'ham Forest,33,"£ 40,000 (€ 46,686, $50,929)","£ 2,080,000 (€ 2,427,677, $2,648,309)",Unverified estimation
323,Carlos Vinícius,br BRA,CF,Fulham,29,"£ 40,000 (€ 46,686, $50,929)","£ 2,080,000 (€ 2,427,677, $2,648,309)",Unverified estimation
324,Kevin Mbabu,ch SUI,RB,Fulham,29,"£ 40,000 (€ 46,686, $50,929)","£ 2,080,000 (€ 2,427,677, $2,648,309)",
325,Jamal Lewis,nir NIR,LB,Newcastle Utd,26,"£ 38,000 (€ 44,352, $48,383)","£ 1,976,000 (€ 2,306,293, $2,515,894)",
326,Altay Bayındır,tr TUR,GK,Manchester Utd,26,"£ 35,000 (€ 40,850, $44,563)","£ 1,820,000 (€ 2,124,218, $2,317,270)",Unverified estimation
327,Adam Wharton,,DM,Crystal Palace,20,"£ 35,000 (€ 40,850, $44,563)","£ 1,820,000 (€ 2,124,218, $2,317,270)",Unverified estimation
328,Joel Ward,eng ENG,RB,Crystal Palace,34,"£ 35,000 (€ 40,850, $44,563)","£ 1,820,000 (€ 2,124,218, $2,317,270)",
329,Adam Smith,eng ENG,RB,Bournemouth,33,"£ 35,000 (€ 40,850, $44,563)","£ 1,820,000 (€ 2,124,218, $2,317,270)",
330,Chris Mepham,wls WAL,CB,Bournemouth,26,"£ 35,000 (€ 40,850, $44,563)","£ 1,820,000 (€ 2,124,218, $2,317,270)",Unverified estimation
331,Dango Ouattara,bf BFA,LW,Bournemouth,22,"£ 35,000 (€ 40,850, $44,563)","£ 1,820,000 (€ 2,124,218, $2,317,270)",Unverified estimation
332,Marcus Tavernier,eng ENG,LM,Bournemouth,25,"£ 35,000 (€ 40,850, $44,563)","£ 1,820,000 (€ 2,124,218, $2,317,270)",Unverified estimation
333,Max Aarons,eng ENG,RB,Bournemouth,24,"£ 35,000 (€ 40,850, $44,563)","£ 1,820,000 (€ 2,124,218, $2,317,270)",Unverified estimation
334,Romain Faivre,fr FRA,RM,Bournemouth,25,"£ 35,000 (€ 40,850, $44,563)","£ 1,820,000 (€ 2,124,218, $2,317,270)",Unverified estimation
335,Vladimír Coufal,cz CZE,RB,West Ham,31,"£ 35,000 (€ 40,850, $44,563)","£ 1,820,000 (€ 2,124,218, $2,317,270)",
336,Álex Moreno,es ESP,LB,Aston Villa,31,"£ 35,000 (€ 40,850, $44,563)","£ 1,820,000 (€ 2,124,218, $2,317,270)",
337,Jean-Ricner Bellegarde,fr FRA,CM,Wolves,26,"£ 35,000 (€ 40,850, $44,563)","£ 1,820,000 (€ 2,124,218, $2,317,270)",Unverified estimation
338,Sasa Kalajdzic,at AUT,CF,Wolves,26,"£ 35,000 (€ 40,850, $44,563)","£ 1,820,000 (€ 2,124,218, $2,317,270)",Unverified estimation
339,Jacob Murphy,eng ENG,RW,Newcastle Utd,29,"£ 35,000 (€ 40,850, $44,563)","£ 1,820,000 (€ 2,124,218, $2,317,270)",Unverified estimation
340,Christian Nørgaard,dk DEN,DM,Brentford,30,"£ 35,000 (€ 40,850, $44,563)","£ 1,820,000 (€ 2,124,218, $2,317,270)",Unverified estimation
341,Keane Lewis-Potter,eng ENG,LW,Brentford,23,"£ 35,000 (€ 40,850, $44,563)","£ 1,820,000 (€ 2,124,218, $2,317,270)",Unverified estimation
342,Rico Henry,eng ENG,LB,Brentford,26,"£ 35,000 (€ 40,850, $44,563)","£ 1,820,000 (€ 2,124,218, $2,317,270)",Unverified estimation
343,Marcus Bettinelli,eng ENG,GK,Chelsea,32,"£ 35,000 (€ 40,850, $44,563)","£ 1,820,000 (€ 2,124,218, $2,317,270)",
344,Bart Verbruggen,nl NED,GK,Brighton,21,"£ 35,000 (€ 40,850, $44,563)","£ 1,820,000 (€ 2,124,218, $2,317,270)",Unverified estimation
345,Tariq Lamptey,gh GHA,RB,Brighton,23,"£ 35,000 (€ 40,850, $44,563)","£ 1,820,000 (€ 2,124,218, $2,317,270)",
346,Jarrad Branthwaite,eng ENG,CB,Everton,22,"£ 35,000 (€ 40,850, $44,563)","£ 1,820,000 (€ 2,124,218, $2,317,270)",Unverified estimation
347,Andrew Omobamidele,ie IRL,CB,Nott'ham Forest,22,"£ 35,000 (€ 40,850, $44,563)","£ 1,820,000 (€ 2,124,218, $2,317,270)",Unverified estimation
348,Harry Toffolo,eng ENG,LB,Nott'ham Forest,28,"£ 35,000 (€ 40,850, $44,563)","£ 1,820,000 (€ 2,124,218, $2,317,270)",Unverified estimation
349,Matz Sels,be BEL,GK,Nott'ham Forest,32,"£ 35,000 (€ 40,850, $44,563)","£ 1,820,000 (€ 2,124,218, $2,317,270)",Unverified estimation
350,Nicolás Domínguez,ar ARG,CM,Nott'ham Forest,26,"£ 35,000 (€ 40,850, $44,563)","£ 1,820,000 (€ 2,124,218, $2,317,270)",Unverified estimation
351,Bobby Reid,jm JAM,RW,Fulham,31,"£ 35,000 (€ 40,850, $44,563)","£ 1,820,000 (€ 2,124,218, $2,317,270)",
352,Harry Wilson,wls WAL,RW,Fulham,27,"£ 35,000 (€ 40,850, $44,563)","£ 1,820,000 (€ 2,124,218, $2,317,270)",Unverified estimation
353,Paul Onuachu,ng NGA,CF,Southampton,30,"£ 30,000 (€ 35,015, $38,197)","£ 1,560,000 (€ 1,820,758, $1,986,232)",Unverified estimation
354,Milos Kerkez,hu HUN,LB,Bournemouth,20,"£ 30,000 (€ 35,015, $38,197)","£ 1,560,000 (€ 1,820,758, $1,986,232)",Unverified estimation
355,Jhon Durán,co COL,CF,Aston Villa,20,"£ 30,000 (€ 35,015, $38,197)","£ 1,560,000 (€ 1,820,758, $1,986,232)",Unverified estimation
356,João Gomes,br BRA,CM,Wolves,23,"£ 30,000 (€ 35,015, $38,197)","£ 1,560,000 (€ 1,820,758, $1,986,232)",Unverified estimation
357,Santiago Bueno,uy URU,CB,Wolves,25,"£ 30,000 (€ 35,015, $38,197)","£ 1,560,000 (€ 1,820,758, $1,986,232)",Unverified estimation
358,James Justin,eng ENG,LB,Leicester City,26,"£ 30,000 (€ 35,015, $38,197)","£ 1,560,000 (€ 1,820,758, $1,986,232)",
359,Máximo Perrone,,DM,Manchester City,21,"£ 30,000 (€ 35,015, $38,197)","£ 1,560,000 (€ 1,820,758, $1,986,232)",Unverified estimation
360,Scott Carson,eng ENG,GK,Manchester City,38,"£ 30,000 (€ 35,015, $38,197)","£ 1,560,000 (€ 1,820,758, $1,986,232)",Unverified estimation
Rk,Player,Nation,Pos,Squad,Age,Weekly Wages,Annual Wages,Notes
361,Aaron Hickey,sct SCO,RB,Brentford,22,"£ 30,000 (€ 35,015, $38,197)","£ 1,560,000 (€ 1,820,758, $1,986,232)",Unverified estimation
362,Ethan Pinnock,jm JAM,CB,Brentford,31,"£ 30,000 (€ 35,015, $38,197)","£ 1,560,000 (€ 1,820,758, $1,986,232)",Unverified estimation
363,Josh Dasilva,eng ENG,CM,Brentford,25,"£ 30,000 (€ 35,015, $38,197)","£ 1,560,000 (€ 1,820,758, $1,986,232)",Unverified estimation
364,Mark Flekken,nl NED,GK,Brentford,31,"£ 30,000 (€ 35,015, $38,197)","£ 1,560,000 (€ 1,820,758, $1,986,232)",Unverified estimation
365,Mikkel Damsgaard,dk DEN,LW,Brentford,23,"£ 30,000 (€ 35,015, $38,197)","£ 1,560,000 (€ 1,820,758, $1,986,232)",Unverified estimation
366,Nathan Collins,ie IRL,CB,Brentford,23,"£ 30,000 (€ 35,015, $38,197)","£ 1,560,000 (€ 1,820,758, $1,986,232)",Unverified estimation
367,Vitaly Janelt,de GER,DM,Brentford,26,"£ 30,000 (€ 35,015, $38,197)","£ 1,560,000 (€ 1,820,758, $1,986,232)",Unverified estimation
368,David Datro Fofana,,CF,Chelsea,21,"£ 30,000 (€ 35,015, $38,197)","£ 1,560,000 (€ 1,820,758, $1,986,232)",Unverified estimation
369,Evan Ferguson,ie IRL,CF,Brighton,19,"£ 30,000 (€ 35,015, $38,197)","£ 1,560,000 (€ 1,820,758, $1,986,232)",Unverified estimation
370,Jan Paul van Hecke,nl NED,CB,Brighton,24,"£ 30,000 (€ 35,015, $38,197)","£ 1,560,000 (€ 1,820,758, $1,986,232)",Unverified estimation
371,James Garner,eng ENG,DM,Everton,23,"£ 30,000 (€ 35,015, $38,197)","£ 1,560,000 (€ 1,820,758, $1,986,232)",Unverified estimation
372,Youssef Chermiti,,CF,Everton,20,"£ 30,000 (€ 35,015, $38,197)","£ 1,560,000 (€ 1,820,758, $1,986,232)",Unverified estimation
373,Danilo,br BRA,DM,Nott'ham Forest,23,"£ 30,000 (€ 35,015, $38,197)","£ 1,560,000 (€ 1,820,758, $1,986,232)",
374,Murillo,,CB,Nott'ham Forest,21,"£ 30,000 (€ 35,015, $38,197)","£ 1,560,000 (€ 1,820,758, $1,986,232)",Unverified estimation
375,Orel Mangala,be BEL,CM,Nott'ham Forest,26,"£ 30,000 (€ 35,015, $38,197)","£ 1,560,000 (€ 1,820,758, $1,986,232)",Unverified estimation
376,Tim Ream,us USA,CB,Fulham,36,"£ 30,000 (€ 35,015, $38,197)","£ 1,560,000 (€ 1,820,758, $1,986,232)",Unverified estimation
377,Tom Cairney,sct SCO,CM,Fulham,33,"£ 30,000 (€ 35,015, $38,197)","£ 1,560,000 (€ 1,820,758, $1,986,232)",
378,Amad Diallo,ci CIV,RW,Manchester Utd,21,"£ 28,846 (€ 33,668, $36,728)","£ 1,500,000 (€ 1,750,729, $1,909,838)",Unverified estimation
379,Nathan Patterson,sct SCO,RB,Everton,22,"£ 28,000 (€ 32,680, $35,650)","£ 1,456,000 (€ 1,699,374, $1,853,816)",
380,Sekou Mara,fr FRA,CF,Southampton,21,"£ 25,000 (€ 29,179, $31,831)","£ 1,300,000 (€ 1,517,298, $1,655,193)",Unverified estimation
381,William Smallbone,ie IRL,CM,Southampton,24,"£ 25,000 (€ 29,179, $31,831)","£ 1,300,000 (€ 1,517,298, $1,655,193)",Unverified estimation
382,Alejo Véliz,,CF,Tottenham,20,"£ 25,000 (€ 29,179, $31,831)","£ 1,300,000 (€ 1,517,298, $1,655,193)",Unverified estimation
383,Djed Spence,eng ENG,RB,Tottenham,23,"£ 25,000 (€ 29,179, $31,831)","£ 1,300,000 (€ 1,517,298, $1,655,193)",Unverified estimation
384,Jordan Ayew,gh GHA,CF,Crystal Palace,32,"£ 25,000 (€ 29,179, $31,831)","£ 1,300,000 (€ 1,517,298, $1,655,193)",
385,Jaidon Anthony,eng ENG,LW,Bournemouth,24,"£ 25,000 (€ 29,179, $31,831)","£ 1,300,000 (€ 1,517,298, $1,655,193)",Unverified estimation
386,Flynn Downes,eng ENG,DM,West Ham,25,"£ 25,000 (€ 29,179, $31,831)","£ 1,300,000 (€ 1,517,298, $1,655,193)",Unverified estimation
387,Toti Gomes,pt POR,CB,Wolves,25,"£ 25,000 (€ 29,179, $31,831)","£ 1,300,000 (€ 1,517,298, $1,655,193)",Unverified estimation
388,Victor Kristiansen,,LB,Leicester City,21,"£ 25,000 (€ 29,179, $31,831)","£ 1,300,000 (€ 1,517,298, $1,655,193)",Unverified estimation
389,Rico Lewis,,RB,Manchester City,19,"£ 25,000 (€ 29,179, $31,831)","£ 1,300,000 (€ 1,517,298, $1,655,193)",
390,Thomas Strakosha,al ALB,GK,Brentford,29,"£ 25,000 (€ 29,179, $31,831)","£ 1,300,000 (€ 1,517,298, $1,655,193)",Unverified estimation
391,Yoane Wissa,cd COD,LW,Brentford,27,"£ 25,000 (€ 29,179, $31,831)","£ 1,300,000 (€ 1,517,298, $1,655,193)",Unverified estimation
392,Mathias Jørgensen,dk DEN,CB,Brentford,34,"£ 25,000 (€ 29,179, $31,831)","£ 1,300,000 (€ 1,517,298, $1,655,193)",Unverified estimation
393,Đorđe Petrović,rs SRB,GK,Chelsea,24,"£ 25,000 (€ 29,179, $31,831)","£ 1,300,000 (€ 1,517,298, $1,655,193)",Unverified estimation
394,Renato Veiga,,DM,Chelsea,20,"£ 25,000 (€ 29,179, $31,831)","£ 1,300,000 (€ 1,517,298, $1,655,193)",Unverified estimation
395,Valentín Barco,ar ARG,LB,Brighton,19,"£ 25,000 (€ 29,179, $31,831)","£ 1,300,000 (€ 1,517,298, $1,655,193)",Unverified estimation
396,Dwight McNeil,eng ENG,LW,Everton,24,"£ 25,000 (€ 29,179, $31,831)","£ 1,300,000 (€ 1,517,298, $1,655,193)",Unverified estimation
397,Anthony Elanga,se SWE,RW,Nott'ham Forest,22,"£ 25,000 (€ 29,179, $31,831)","£ 1,300,000 (€ 1,517,298, $1,655,193)",Unverified estimation
398,Ryan Yates,eng ENG,CM,Nott'ham Forest,26,"£ 25,000 (€ 29,179, $31,831)","£ 1,300,000 (€ 1,517,298, $1,655,193)",
399,Isaac Hayden,eng ENG,DM,Newcastle Utd,29,"£ 22,000 (€ 25,677, $28,011)","£ 1,144,000 (€ 1,335,222, $1,456,570)",
400,Abdallah Sima,sn SEN,RW,Brighton,23,"£ 20,577 (€ 24,016, $26,199)","£ 1,070,000 (€ 1,248,853, $1,362,351)",Unverified estimation
Rk,Player,Nation,Pos,Squad,Age,Weekly Wages,Annual Wages,Notes
401,Facundo Pellistri,uy URU,RW,Manchester Utd,22,"£ 20,000 (€ 23,343, $25,465)","£ 1,040,000 (€ 1,213,839, $1,324,155)",
402,Kobbie Mainoo,,CM,Manchester Utd,19,"£ 20,000 (€ 23,343, $25,465)","£ 1,040,000 (€ 1,213,839, $1,324,155)",
403,Gavin Bazunu,ie IRL,GK,Southampton,22,"£ 20,000 (€ 23,343, $25,465)","£ 1,040,000 (€ 1,213,839, $1,324,155)",Unverified estimation
404,Kyle Walker-Peters,eng ENG,RB,Southampton,27,"£ 20,000 (€ 23,343, $25,465)","£ 1,040,000 (€ 1,213,839, $1,324,155)",
405,Ross Stewart,sct SCO,CF,Southampton,27,"£ 20,000 (€ 23,343, $25,465)","£ 1,040,000 (€ 1,213,839, $1,324,155)",Unverified estimation
406,Naouirou Ahamada,fr FRA,CM,Crystal Palace,22,"£ 20,000 (€ 23,343, $25,465)","£ 1,040,000 (€ 1,213,839, $1,324,155)",Unverified estimation
407,Mark Travers,ie IRL,GK,Bournemouth,25,"£ 20,000 (€ 23,343, $25,465)","£ 1,040,000 (€ 1,213,839, $1,324,155)",Unverified estimation
408,Morgan Rogers,eng ENG,LW,Aston Villa,21,"£ 20,000 (€ 23,343, $25,465)","£ 1,040,000 (€ 1,213,839, $1,324,155)",Unverified estimation
409,Daniel Iversen,dk DEN,GK,Leicester City,26,"£ 20,000 (€ 23,343, $25,465)","£ 1,040,000 (€ 1,213,839, $1,324,155)",Unverified estimation
410,Kiernan Dewsbury-Hall,eng ENG,CM,Leicester City,25,"£ 20,000 (€ 23,343, $25,465)","£ 1,040,000 (€ 1,213,839, $1,324,155)",Unverified estimation
411,Axel Tuanzebe,cd COD,CB,Ipswich Town,26,"£ 20,000 (€ 23,343, $25,465)","£ 1,040,000 (€ 1,213,839, $1,324,155)",Unverified estimation
412,Issa Kaboré,bf BFA,RB,Manchester City,23,"£ 20,000 (€ 23,343, $25,465)","£ 1,040,000 (€ 1,213,839, $1,324,155)",Unverified estimation
413,Ivan Toney,eng ENG,CF,Brentford,28,"£ 20,000 (€ 23,343, $25,465)","£ 1,040,000 (€ 1,213,839, $1,324,155)",
414,Mads Roerslev,dk DEN,RB,Brentford,25,"£ 20,000 (€ 23,343, $25,465)","£ 1,040,000 (€ 1,213,839, $1,324,155)",Unverified estimation
415,Billy Gilmour,sct SCO,DM,Brighton,23,"£ 20,000 (€ 23,343, $25,465)","£ 1,040,000 (€ 1,213,839, $1,324,155)",Unverified estimation
416,Deniz Undav,de GER,CF,Brighton,27,"£ 20,000 (€ 23,343, $25,465)","£ 1,040,000 (€ 1,213,839, $1,324,155)",Unverified estimation
417,Jason Steele,eng ENG,GK,Brighton,33,"£ 20,000 (€ 23,343, $25,465)","£ 1,040,000 (€ 1,213,839, $1,324,155)",Unverified estimation
418,Jeremy Sarmiento,ec ECU,LW,Brighton,22,"£ 20,000 (€ 23,343, $25,465)","£ 1,040,000 (€ 1,213,839, $1,324,155)",Unverified estimation
419,Kjell Scherpen,nl NED,GK,Brighton,24,"£ 20,000 (€ 23,343, $25,465)","£ 1,040,000 (€ 1,213,839, $1,324,155)",Unverified estimation
420,George Hirst,eng ENG,CF,Ipswich Town,25,"£ 17,115 (€ 19,976, $21,792)","£ 890,000 (€ 1,038,766, $1,133,171)",Unverified estimation
421,Hannibal,,AM,Manchester Utd,21,"£ 15,000 (€ 17,507, $19,098)","£ 780,000 (€ 910,379, $993,116)",Unverified estimation
422,Armel Bella Kotchap,de GER,CB,Southampton,22,"£ 15,000 (€ 17,507, $19,098)","£ 780,000 (€ 910,379, $993,116)",Unverified estimation
423,Juan Larios,,LB,Southampton,20,"£ 15,000 (€ 17,507, $19,098)","£ 780,000 (€ 910,379, $993,116)",Unverified estimation
424,Ryan Manning,ie IRL,LB,Southampton,28,"£ 15,000 (€ 17,507, $19,098)","£ 780,000 (€ 910,379, $993,116)",Unverified estimation
425,Samuel Edozie,,LW,Southampton,21,"£ 15,000 (€ 17,507, $19,098)","£ 780,000 (€ 910,379, $993,116)",Unverified estimation
426,Ashley Phillips,,CB,Tottenham,19,"£ 15,000 (€ 17,507, $19,098)","£ 780,000 (€ 910,379, $993,116)",Unverified estimation
427,Brandon Austin,eng ENG,GK,Tottenham,25,"£ 15,000 (€ 17,507, $19,098)","£ 780,000 (€ 910,379, $993,116)",Unverified estimation
428,Enes Ünal,tr TUR,CF,Bournemouth,27,"£ 15,000 (€ 17,507, $19,098)","£ 780,000 (€ 910,379, $993,116)",Unverified estimation
429,Kieffer Moore,wls WAL,CF,Bournemouth,31,"£ 15,000 (€ 17,507, $19,098)","£ 780,000 (€ 910,379, $993,116)",Unverified estimation
430,Ben Doak,,RW,Liverpool,18,"£ 15,000 (€ 17,507, $19,098)","£ 780,000 (€ 910,379, $993,116)",Unverified estimation
431,Curtis Jones,eng ENG,CM,Liverpool,23,"£ 15,000 (€ 17,507, $19,098)","£ 780,000 (€ 910,379, $993,116)",Unverified estimation
432,Jarell Quansah,,CB,Liverpool,21,"£ 15,000 (€ 17,507, $19,098)","£ 780,000 (€ 910,379, $993,116)",Unverified estimation
433,Luke Cundle,eng ENG,CM,Wolves,22,"£ 15,000 (€ 17,507, $19,098)","£ 780,000 (€ 910,379, $993,116)",Unverified estimation
434,Luke Thomas,eng ENG,LB,Leicester City,23,"£ 15,000 (€ 17,507, $19,098)","£ 780,000 (€ 910,379, $993,116)",
435,James McAtee,,CM,Manchester City,21,"£ 15,000 (€ 17,507, $19,098)","£ 780,000 (€ 910,379, $993,116)",Unverified estimation
436,Yunus Emre Konak,,DM,Brentford,18,"£ 15,000 (€ 17,507, $19,098)","£ 780,000 (€ 910,379, $993,116)",Unverified estimation
437,Facundo Buonanotte,,AM,Brighton,19,"£ 15,000 (€ 17,507, $19,098)","£ 780,000 (€ 910,379, $993,116)",Unverified estimation
438,Lewis O'Brien,eng ENG,CM,Nott'ham Forest,25,"£ 15,000 (€ 17,507, $19,098)","£ 780,000 (€ 910,379, $993,116)",Unverified estimation
439,Carlos Baleba,,DM,Brighton,20,"£ 12,500 (€ 14,589, $15,915)","£ 650,000 (€ 758,649, $827,597)",Unverified estimation
440,Simon Adingra,ci CIV,RW,Brighton,22,"£ 12,500 (€ 14,589, $15,915)","£ 650,000 (€ 758,649, $827,597)",Unverified estimation
Rk,Player,Nation,Pos,Squad,Age,Weekly Wages,Annual Wages,Notes
441,Luke Harris,,AM,Fulham,19,"£ 12,500 (€ 14,589, $15,915)","£ 650,000 (€ 758,649, $827,597)",Unverified estimation
442,Sam Morsy,eg EGY,CM,Ipswich Town,32,"£ 12,308 (€ 14,365, $15,670)","£ 640,000 (€ 746,978, $814,864)",Unverified estimation
443,Karl Jakob Hein,ee EST,GK,Arsenal,22,"£ 10,000 (€ 11,672, $12,732)","£ 520,000 (€ 606,919, $662,077)",Unverified estimation
444,James Bree,eng ENG,RB,Southampton,26,"£ 10,000 (€ 11,672, $12,732)","£ 520,000 (€ 606,919, $662,077)",Unverified estimation
445,Joe Lumley,eng ENG,GK,Southampton,29,"£ 10,000 (€ 11,672, $12,732)","£ 520,000 (€ 606,919, $662,077)",Unverified estimation
446,Joe Whitworth,,GK,Crystal Palace,20,"£ 10,000 (€ 11,672, $12,732)","£ 520,000 (€ 606,919, $662,077)",Unverified estimation
447,Callum Marshall,,CF,West Ham,19,"£ 10,000 (€ 11,672, $12,732)","£ 520,000 (€ 606,919, $662,077)",Unverified estimation
448,Caoimhín Kelleher,ie IRL,GK,Liverpool,25,"£ 10,000 (€ 11,672, $12,732)","£ 520,000 (€ 606,919, $662,077)",Unverified estimation
449,Conor Bradley,nir NIR,RB,Liverpool,20,"£ 10,000 (€ 11,672, $12,732)","£ 520,000 (€ 606,919, $662,077)",Unverified estimation
450,Rhys Williams,eng ENG,CB,Liverpool,23,"£ 10,000 (€ 11,672, $12,732)","£ 520,000 (€ 606,919, $662,077)",Unverified estimation
451,Joe Gauci,,GK,Aston Villa,23,"£ 10,000 (€ 11,672, $12,732)","£ 520,000 (€ 606,919, $662,077)",Unverified estimation
452,Kaine Kesler,,RB,Aston Villa,21,"£ 10,000 (€ 11,672, $12,732)","£ 520,000 (€ 606,919, $662,077)",Unverified estimation
453,Kortney Hause,eng ENG,CB,Aston Villa,28,"£ 10,000 (€ 11,672, $12,732)","£ 520,000 (€ 606,919, $662,077)",
454,Lino Sousa,,LB,Aston Villa,19,"£ 10,000 (€ 11,672, $12,732)","£ 520,000 (€ 606,919, $662,077)",Unverified estimation
455,Chiquinho,pt POR,LW,Wolves,24,"£ 10,000 (€ 11,672, $12,732)","£ 520,000 (€ 606,919, $662,077)",Unverified estimation
456,Daniel Bentley,eng ENG,GK,Wolves,30,"£ 10,000 (€ 11,672, $12,732)","£ 520,000 (€ 606,919, $662,077)",Unverified estimation
457,Hugo Bueno,,LB,Wolves,21,"£ 10,000 (€ 11,672, $12,732)","£ 520,000 (€ 606,919, $662,077)",Unverified estimation
458,Rayan Aït-Nouri,dz ALG,LB,Wolves,23,"£ 10,000 (€ 11,672, $12,732)","£ 520,000 (€ 606,919, $662,077)",Unverified estimation
459,Tom King,wls WAL,GK,Wolves,29,"£ 10,000 (€ 11,672, $12,732)","£ 520,000 (€ 606,919, $662,077)",Unverified estimation
460,Tommy Doyle,eng ENG,CM,Wolves,22,"£ 10,000 (€ 11,672, $12,732)","£ 520,000 (€ 606,919, $662,077)",
461,Mads Hermansen,,GK,Leicester City,23,"£ 10,000 (€ 11,672, $12,732)","£ 520,000 (€ 606,919, $662,077)",Unverified estimation
462,Stephy Mavididi,eng ENG,LW,Leicester City,26,"£ 10,000 (€ 11,672, $12,732)","£ 520,000 (€ 606,919, $662,077)",Unverified estimation
463,Harrison Ashby,,RB,Newcastle Utd,22,"£ 10,000 (€ 11,672, $12,732)","£ 520,000 (€ 606,919, $662,077)",Unverified estimation
464,Mark Gillespie,eng ENG,GK,Newcastle Utd,32,"£ 10,000 (€ 11,672, $12,732)","£ 520,000 (€ 606,919, $662,077)",
465,Christian Walton,eng ENG,GK,Ipswich Town,28,"£ 10,000 (€ 11,672, $12,732)","£ 520,000 (€ 606,919, $662,077)",Unverified estimation
466,Hákon Rafn Valdimarsson,,GK,Brentford,22,"£ 10,000 (€ 11,672, $12,732)","£ 520,000 (€ 606,919, $662,077)",Unverified estimation
467,Kevin Schade,de GER,RW,Brentford,22,"£ 10,000 (€ 11,672, $12,732)","£ 520,000 (€ 606,919, $662,077)",Unverified estimation
468,Andrey Santos,,CM,Chelsea,20,"£ 10,000 (€ 11,672, $12,732)","£ 520,000 (€ 606,919, $662,077)",Unverified estimation
469,Diego Moreira,,LW,Chelsea,19,"£ 10,000 (€ 11,672, $12,732)","£ 520,000 (€ 606,919, $662,077)",Unverified estimation
470,Jack Hinshelwood,,DM,Brighton,19,"£ 10,000 (€ 11,672, $12,732)","£ 520,000 (€ 606,919, $662,077)",Unverified estimation
471,Jakub Moder,pl POL,CM,Brighton,25,"£ 10,000 (€ 11,672, $12,732)","£ 520,000 (€ 606,919, $662,077)",
472,Julio Enciso,py PAR,AM,Brighton,20,"£ 10,000 (€ 11,672, $12,732)","£ 520,000 (€ 606,919, $662,077)",Unverified estimation
473,Kacper Kozłowski,pl POL,CM,Brighton,20,"£ 10,000 (€ 11,672, $12,732)","£ 520,000 (€ 606,919, $662,077)",Unverified estimation
474,Tom McGill,,GK,Brighton,24,"£ 10,000 (€ 11,672, $12,732)","£ 520,000 (€ 606,919, $662,077)",Unverified estimation
475,Jonathan Panzo,eng ENG,CB,Nott'ham Forest,23,"£ 10,000 (€ 11,672, $12,732)","£ 520,000 (€ 606,919, $662,077)",Unverified estimation
476,Steven Benda,de GER,GK,Fulham,25,"£ 10,000 (€ 11,672, $12,732)","£ 520,000 (€ 606,919, $662,077)",Unverified estimation
477,Issahaku Fatawu,,RW,Leicester City,20,"£ 9,500 (€ 11,088, $12,096)","£ 494,000 (€ 576,573, $628,973)",Unverified estimation
478,Leif Davis,eng ENG,LB,Ipswich Town,24,"£ 9,423 (€ 10,998, $11,998)","£ 490,000 (€ 571,905, $623,880)",Unverified estimation
479,George Edmundson,eng ENG,CB,Ipswich Town,26,"£ 8,846 (€ 10,325, $11,263)","£ 460,000 (€ 536,890, $585,684)",Unverified estimation
480,Joe Rothwell,eng ENG,CM,Bournemouth,29,"£ 8,000 (€ 9,337, $10,186)","£ 416,000 (€ 485,535, $529,662)",Unverified estimation
Rk,Player,Nation,Pos,Squad,Age,Weekly Wages,Annual Wages,Notes
481,Yerson Mosquera,co COL,CB,Wolves,23,"£ 8,000 (€ 9,337, $10,186)","£ 416,000 (€ 485,535, $529,662)",
482,Tom Cannon,,CF,Leicester City,21,"£ 8,000 (€ 9,337, $10,186)","£ 416,000 (€ 485,535, $529,662)",Unverified estimation
483,Yasin Ayari,,CM,Brighton,20,"£ 8,000 (€ 9,337, $10,186)","£ 416,000 (€ 485,535, $529,662)",Unverified estimation
484,Willy Kambwala,,CB,Manchester Utd,19,"£ 7,500 (€ 8,754, $9,549)","£ 390,000 (€ 455,189, $496,558)",Unverified estimation
485,Taylor Harwood-Bellis,eng ENG,CB,Southampton,22,"£ 7,500 (€ 8,754, $9,549)","£ 390,000 (€ 455,189, $496,558)",
486,Alfie Whiteman,eng ENG,GK,Tottenham,25,"£ 7,500 (€ 8,754, $9,549)","£ 390,000 (€ 455,189, $496,558)",Unverified estimation
487,Jesurun Rak-Sakyi,,RW,Crystal Palace,21,"£ 7,500 (€ 8,754, $9,549)","£ 390,000 (€ 455,189, $496,558)",Unverified estimation
488,Remi Matthews,eng ENG,GK,Crystal Palace,30,"£ 7,500 (€ 8,754, $9,549)","£ 390,000 (€ 455,189, $496,558)",Unverified estimation
489,Conor Chaplin,eng ENG,SS,Ipswich Town,27,"£ 7,500 (€ 8,754, $9,549)","£ 390,000 (€ 455,189, $496,558)",Unverified estimation
490,Cesare Casadei,,CM,Chelsea,21,"£ 7,500 (€ 8,754, $9,549)","£ 390,000 (€ 455,189, $496,558)",Unverified estimation
491,João Virgínia,pt POR,GK,Everton,24,"£ 7,500 (€ 8,754, $9,549)","£ 390,000 (€ 455,189, $496,558)",Unverified estimation
492,Rodrigo Muniz,br BRA,CF,Fulham,23,"£ 7,500 (€ 8,754, $9,549)","£ 390,000 (€ 455,189, $496,558)",Unverified estimation
493,Freddie Ladapo,eng ENG,CF,Ipswich Town,31,"£ 7,308 (€ 8,529, $9,304)","£ 380,000 (€ 443,518, $483,826)",Unverified estimation
494,Lewis Hall,,LB,Newcastle Utd,19,"£ 7,000 (€ 8,170, $8,913)","£ 364,000 (€ 424,844, $463,454)",Unverified estimation
495,Marcus Harness,eng ENG,LW,Ipswich Town,28,"£ 6,346 (€ 7,407, $8,080)","£ 330,000 (€ 385,160, $420,164)",Unverified estimation
496,Shea Charles,,DM,Southampton,20,"£ 6,000 (€ 7,003, $7,639)","£ 312,000 (€ 364,152, $397,246)",Unverified estimation
497,Samuel Amo-Ameyaw,,RW,Southampton,17,"£ 5,000 (€ 5,836, $6,366)","£ 260,000 (€ 303,460, $331,039)",Unverified estimation
498,Joe Hodge,,DM,Wolves,21,"£ 5,000 (€ 5,836, $6,366)","£ 260,000 (€ 303,460, $331,039)",Unverified estimation
499,Louie Moulden,eng ENG,GK,Wolves,22,"£ 5,000 (€ 5,836, $6,366)","£ 260,000 (€ 303,460, $331,039)",Unverified estimation
500,Jakub Stolarczyk,,GK,Leicester City,23,"£ 5,000 (€ 5,836, $6,366)","£ 260,000 (€ 303,460, $331,039)",Unverified estimation
501,Kasey McAteer,eng ENG,RW,Leicester City,22,"£ 5,000 (€ 5,836, $6,366)","£ 260,000 (€ 303,460, $331,039)",Unverified estimation
502,Lewis Miley,,CM,Newcastle Utd,18,"£ 5,000 (€ 5,836, $6,366)","£ 260,000 (€ 303,460, $331,039)",Unverified estimation
503,Ali Al Hamadi,iq IRQ,CF,Ipswich Town,22,"£ 5,000 (€ 5,836, $6,366)","£ 260,000 (€ 303,460, $331,039)",Unverified estimation
504,Gassan Ahadme,,CF,Ipswich Town,23,"£ 5,000 (€ 5,836, $6,366)","£ 260,000 (€ 303,460, $331,039)",Unverified estimation
505,Harry Clarke,,RB,Ipswich Town,23,"£ 5,000 (€ 5,836, $6,366)","£ 260,000 (€ 303,460, $331,039)",Unverified estimation
506,Jack Taylor,ie IRL,CM,Ipswich Town,26,"£ 5,000 (€ 5,836, $6,366)","£ 260,000 (€ 303,460, $331,039)",Unverified estimation
507,Massimo Luongo,au AUS,CM,Ipswich Town,31,"£ 5,000 (€ 5,836, $6,366)","£ 260,000 (€ 303,460, $331,039)",Unverified estimation
508,Wes Burns,wls WAL,RM,Ipswich Town,29,"£ 5,000 (€ 5,836, $6,366)","£ 260,000 (€ 303,460, $331,039)",Unverified estimation
509,Finley Stevens,wls WAL,RB,Brentford,21,"£ 5,000 (€ 5,836, $6,366)","£ 260,000 (€ 303,460, $331,039)",Unverified estimation
510,Myles Peart-Harris,eng ENG,AM,Brentford,21,"£ 5,000 (€ 5,836, $6,366)","£ 260,000 (€ 303,460, $331,039)",Unverified estimation
511,Yegor Yarmolyuk,,AM,Brentford,20,"£ 5,000 (€ 5,836, $6,366)","£ 260,000 (€ 303,460, $331,039)",Unverified estimation
512,Cameron Burgess,au AUS,CB,Ipswich Town,28,"£ 4,808 (€ 5,611, $6,121)","£ 250,000 (€ 291,788, $318,306)",Unverified estimation
513,Janoi Donacien,lc LCA,RB,Ipswich Town,30,"£ 4,500 (€ 5,252, $5,730)","£ 234,000 (€ 273,114, $297,935)",Unverified estimation
514,Luke Woolfenden,eng ENG,CB,Ipswich Town,25,"£ 3,846 (€ 4,489, $4,897)","£ 200,000 (€ 233,430, $254,645)",Unverified estimation
515,Alex Mighten,eng ENG,LW,Nott'ham Forest,22,"£ 3,462 (€ 4,040, $4,407)","£ 180,000 (€ 210,087, $229,181)",
516,Wanya Marçal,,RW,Leicester City,21,"£ 3,000 (€ 3,501, $3,820)","£ 156,000 (€ 182,076, $198,623)",Unverified estimation
517,Nathan Broadhead,wls WAL,LW,Ipswich Town,26,"£ 3,000 (€ 3,501, $3,820)","£ 156,000 (€ 182,076, $198,623)",Unverified estimation
518,Omari Hutchinson,,RW,Ipswich Town,20,"£ 3,000 (€ 3,501, $3,820)","£ 156,000 (€ 182,076, $198,623)",Unverified estimation
519,Carl Rushworth,eng ENG,GK,Brighton,23,"£ 3,000 (€ 3,501, $3,820)","£ 156,000 (€ 182,076, $198,623)",Unverified estimation
520,Chem Campbell,wls WAL,AM,Wolves,21,"£ 2,500 (€ 2,918, $3,183)","£ 130,000 (€ 151,730, $165,519)",Unverified estimation
Rk,Player,Nation,Pos,Squad,Age,Weekly Wages,Annual Wages,Notes
521,Idris El Mizouni,tn TUN,CM,Ipswich Town,23,"£ 2,500 (€ 2,918, $3,183)","£ 130,000 (€ 151,730, $165,519)",Unverified estimation
522,Ryan Trevitt,,CM,Brentford,21,"£ 2,500 (€ 2,918, $3,183)","£ 130,000 (€ 151,730, $165,519)",Unverified estimation
523,Will Dennis,eng ENG,GK,Bournemouth,23,"£ 2,000 (€ 2,334, $2,546)","£ 104,000 (€ 121,384, $132,415)",
524,Gavin Kilkenny,ie IRL,CM,Bournemouth,24,"£ 1,500 (€ 1,751, $1,910)","£ 78,000 (€ 91,038, $99,312)",Unverified estimation
525,Elkan Baggott,,CB,Ipswich Town,21,"£ 1,500 (€ 1,751, $1,910)","£ 78,000 (€ 91,038, $99,312)",Unverified estimation
526,Cameron Humphreys,,CM,Ipswich Town,20,"£ 1,000 (€ 1,167, $1,273)","£ 52,000 (€ 60,692, $66,208)",Unverified estimation
527,Cieran Slicker,,GK,Ipswich Town,21,"£ 1,000 (€ 1,167, $1,273)","£ 52,000 (€ 60,692, $66,208)",Unverified estimation
